2025-10-17T14:05:26.174177,2025-10-17T14:07:26.174177,0.3261702358722687,184.722,-0.1,gated
2025-10-17T14:10:25.450012,2025-10-17T14:12:25.450012,0.19454622268676758,185.226,-0.1,gated
2025-10-17T14:12:30.300514,2025-10-17T14:14:30.300514,0.4673703610897064,185.455,-0.1,gated
2025-10-17T14:14:34.992675,2025-10-17T14:16:34.992675,0.03944452852010727,186.084,-0.03605287016632872,gated
2025-10-17T14:16:39.733065,2025-10-17T14:18:39.733065,-1.0642328262329102,185.695,-0.1,gated
2025-10-17T14:18:45.686905,2025-10-17T14:20:45.686905,-0.5837368965148926,185.5,-0.1,gated
2025-10-17T14:20:50.398646,2025-10-17T14:22:50.398646,-1.3446521759033203,185.224,-0.1,gated
2025-10-17T14:22:55.250520,2025-10-17T14:24:55.250520,-1.5331016778945923,185.495,-0.1,gated
2025-10-17T14:24:59.912653,2025-10-17T14:26:59.912653,-1.497274398803711,185.245,-0.1,gated
2025-10-17T14:27:04.473980,2025-10-17T14:29:04.473980,-1.9333257675170898,185.265,-0.1,gated
2025-10-17T14:29:08.980954,2025-10-17T14:31:08.980954,-2.1220555305480957,185.206,-0.1,gated
2025-10-17T14:31:13.792710,2025-10-17T14:33:13.792710,-2.3249855041503906,184.97,-0.1,gated
2025-10-17T14:33:18.483980,2025-10-17T14:35:18.483980,-2.335611581802368,185.022,-0.1,gated
2025-10-17T14:35:23.366903,2025-10-17T14:37:23.366903,-2.441849946975708,184.831,-0.1,gated
2025-10-17T14:37:28.117211,2025-10-17T14:39:28.117211,-2.8443915843963623,185.266,-0.1,gated
2025-10-17T14:39:32.732279,2025-10-17T14:41:32.732279,-3.0277271270751953,185.353,-0.1,gated
2025-10-17T14:41:37.522997,2025-10-17T14:43:37.522997,-3.2274515628814697,185.142,-0.1,gated
2025-10-17T14:43:42.186871,2025-10-17T14:45:42.186871,-3.3309128284454346,185.472,-0.1,gated
2025-10-17T14:45:46.844578,2025-10-17T14:47:46.844578,-3.4863815307617188,185.383,-0.1,gated
2025-10-17T14:47:51.538157,2025-10-17T14:49:51.538157,-3.6487197875976562,185.344,-0.1,gated
2025-10-17T14:49:56.100197,2025-10-17T14:51:56.100197,-3.8993172645568848,185.2,-0.1,gated
2025-10-17T14:52:00.711380,2025-10-17T14:54:00.711380,-3.9032700061798096,185.425,-0.1,gated
2025-10-17T14:54:05.268886,2025-10-17T14:56:05.268886,-3.811763048171997,185.511,-0.1,gated
2025-10-17T14:56:09.933991,2025-10-17T14:58:09.933991,-3.962254762649536,185.572,-0.1,gated
2025-10-17T14:58:14.596390,2025-10-17T15:00:14.596390,-4.329700469970703,185.545,-0.1,gated
2025-10-17T15:00:19.519686,2025-10-17T15:02:19.519686,-4.512345314025879,185.742,-0.1,gated
2025-10-17T15:02:24.348881,2025-10-17T15:04:24.348881,-4.704755783081055,185.813,-0.1,gated
2025-10-17T15:04:29.093941,2025-10-17T15:06:29.093941,-4.790646076202393,185.736,-0.1,gated
2025-10-17T15:06:33.860527,2025-10-17T15:08:33.860527,-4.9058380126953125,185.452,-0.1,gated
2025-10-17T15:08:38.528261,2025-10-17T15:10:38.528261,-5.058299541473389,184.577,-0.1,gated
2025-10-17T15:10:43.157252,2025-10-17T15:12:43.157252,-4.972168445587158,184.816,-0.1,gated
2025-10-17T15:12:47.829989,2025-10-17T15:14:47.829989,-5.260228633880615,184.409,-0.1,gated
2025-10-17T15:14:52.769265,2025-10-17T15:16:52.769265,-5.325925827026367,184.319,-0.1,gated
2025-10-17T15:16:57.571328,2025-10-17T15:18:57.571328,-5.217200756072998,184.581,-0.1,gated
2025-10-17T15:19:02.436072,2025-10-17T15:21:02.436072,-5.65244722366333,184.559,-0.1,gated
2025-10-17T15:21:07.147865,2025-10-17T15:23:07.147865,-5.609569072723389,184.192,-0.1,gated
2025-10-17T15:23:11.766909,2025-10-17T15:25:11.766909,-5.765260219573975,184.001,-0.1,gated
2025-10-17T15:25:16.408254,2025-10-17T15:27:16.408254,-5.910619258880615,184.194,-0.1,gated
2025-10-17T15:27:20.978702,2025-10-17T15:29:20.978702,-6.0959367752075195,184.209,-0.1,gated
2025-10-17T15:29:25.750160,2025-10-17T15:31:25.750160,-6.1894450187683105,183.689,-0.1,gated
2025-10-17T15:31:30.425005,2025-10-17T15:33:30.425005,-6.268124103546143,183.695,-0.1,gated
2025-10-17T15:33:35.179079,2025-10-17T15:35:35.179079,-6.4866557121276855,183.598,-0.1,gated
2025-10-17T15:35:39.712240,2025-10-17T15:37:39.712240,-6.619448661804199,183.423,-0.1,gated
2025-10-17T15:37:44.266568,2025-10-17T15:39:44.266568,-6.636760711669922,183.469,-0.1,gated
2025-10-17T15:39:48.860697,2025-10-17T15:41:48.860697,-6.795241832733154,183.366,-0.1,gated
2025-10-17T15:41:53.497677,2025-10-17T15:43:53.497677,-6.961314678192139,183.601,-0.1,gated
2025-10-17T15:43:58.097089,2025-10-17T15:45:58.097089,-7.08123779296875,183.71,-0.1,gated
2025-10-17T19:06:15.290534,2025-10-17T19:08:15.290534,-0.028489544987678528,184.768,0.02722469379688059,gated
2025-10-17T19:11:16.793649,2025-10-17T19:13:16.793649,-0.395729124546051,184.336,0.1,gated
2025-10-17T19:13:21.845117,2025-10-17T19:15:21.845117,-0.052567631006240845,184.139,0.05149893037261529,gated
2025-10-17T19:15:26.577591,2025-10-17T19:17:26.577591,0.1675514280796051,184.168,-0.1,gated
2025-10-17T19:17:31.898881,2025-10-17T19:19:31.898881,-0.8945087194442749,184.018,0.1,gated
2025-10-17T19:19:36.653348,2025-10-17T19:21:36.653348,0.15625953674316406,184.019,-0.1,gated
2025-10-17T19:21:41.874174,2025-10-17T19:23:41.874174,-0.8568134903907776,184.167,0.1,gated
2025-10-17T19:23:47.513326,2025-10-17T19:25:47.513326,-0.9056059718132019,184.191,0.1,gated
2025-10-17T19:25:51.992096,2025-10-17T19:27:51.992096,-0.7215244174003601,184.5,0.1,gated
2025-10-17T19:27:56.721255,2025-10-17T19:29:56.721255,-0.7524692416191101,184.8,0.1,gated
2025-10-17T19:30:01.360682,2025-10-17T19:32:01.360682,-0.689997673034668,184.83,0.1,gated
2025-10-17T19:32:05.805812,2025-10-17T19:34:05.805812,-0.4262039065361023,184.889,0.1,gated
2025-10-17T19:34:10.195012,2025-10-17T19:36:10.195012,-0.4155459403991699,184.419,0.1,gated
2025-10-17T19:36:14.508174,2025-10-17T19:38:14.508174,-0.6559998393058777,184.51,0.1,gated
2025-10-17T19:38:18.861466,2025-10-17T19:40:18.861466,-0.25332361459732056,184.51,0.1,gated
2025-10-17T19:40:23.272204,2025-10-17T19:42:23.272204,-0.5439777374267578,184.264,0.1,gated
2025-10-17T19:42:27.890182,2025-10-17T19:44:27.890182,-0.22960548102855682,184.149,0.1,gated
2025-10-17T19:44:32.213728,2025-10-17T19:46:32.213728,-0.10286001116037369,183.761,0.1,gated
2025-10-17T19:46:36.585974,2025-10-17T19:48:36.585974,0.004057794809341431,183.759,-0.004068678511541571,normal
2025-10-17T19:48:41.096353,2025-10-17T19:50:41.096353,0.04844333976507187,184.089,-0.046647509356765336,gated
2025-10-17T19:50:46.257269,2025-10-17T19:52:46.257269,-0.06712380051612854,183.678,0.06489118477048376,gated
2025-10-17T19:52:51.879243,2025-10-17T19:54:51.879243,-0.01918894052505493,183.678,0.01918894052505493,normal
2025-10-17T19:54:56.551123,2025-10-17T19:56:56.551123,-0.23919832706451416,183.678,0.1,gated
2025-10-17T19:57:01.021487,2025-10-17T19:59:01.021487,-0.2990299165248871,183.678,0.1,gated
2025-10-17T19:59:05.444041,2025-10-17T20:01:05.444041,0.07420668751001358,183.925,-0.07286194290260278,gated
2025-10-17T20:01:10.692630,2025-10-17T20:03:10.692630,-0.5315297245979309,184.083,0.1,gated
2025-10-17T20:03:17.385299,2025-10-17T20:05:17.385299,-0.10462499409914017,184.052,0.1,gated
2025-10-17T20:05:22.967091,2025-10-17T20:07:22.967091,-0.8462222814559937,184.227,0.1,gated
2025-10-17T20:07:27.249184,2025-10-17T20:09:27.249184,-0.2955244779586792,184.566,0.1,gated
2025-10-17T20:09:31.715158,2025-10-17T20:11:31.715158,-1.075296401977539,184.297,0.1,gated
2025-10-17T20:11:36.031520,2025-10-17T20:13:36.031520,-0.21844340860843658,184.621,0.1,gated
2025-10-17T20:13:40.712036,2025-10-17T20:15:40.712036,-0.22344663739204407,184.574,0.1,gated
2025-10-17T20:15:45.370246,2025-10-17T20:17:45.370246,-0.25139138102531433,184.966,0.1,gated
2025-10-17T20:17:50.080284,2025-10-17T20:19:50.080284,-0.1091468557715416,184.853,0.1,gated
2025-10-17T20:19:54.696622,2025-10-17T20:21:54.696622,-0.19538986682891846,184.972,0.1,gated
2025-10-17T20:21:59.273701,2025-10-17T20:23:59.273701,-0.17332375049591064,184.985,0.1,gated
2025-10-17T20:24:04.204156,2025-10-17T20:26:04.204156,-0.09727860987186432,184.993,0.09732185662160078,gated
2025-10-17T20:26:08.739365,2025-10-17T20:28:08.739365,-0.08099270612001419,184.964,0.08083594343169626,gated
2025-10-17T20:28:13.920462,2025-10-17T20:30:13.920462,-0.12758594751358032,184.947,0.1,gated
2025-10-17T20:30:18.188212,2025-10-17T20:32:18.188212,0.03538966178894043,185.213,-0.03395141191194864,gated
2025-10-17T20:32:24.921488,2025-10-17T20:34:24.921488,-1.0944329500198364,185.137,0.1,gated
2025-10-17T20:34:30.683789,2025-10-17T20:36:30.683789,-0.006271809339523315,185.435,0.007881428162341012,normal
2025-10-17T20:36:38.530228,2025-10-17T20:38:38.530228,-1.3443044424057007,185.027,0.1,gated
2025-10-17T20:38:43.190780,2025-10-17T20:40:43.190780,0.007878758013248444,184.917,-0.008473265841835623,normal
2025-10-17T20:40:47.648693,2025-10-17T20:42:47.648693,0.12046687304973602,184.859,-0.1,gated
2025-10-17T20:42:52.843964,2025-10-17T20:44:52.843964,-0.0682811439037323,184.797,0.06794575314645243,gated
2025-10-17T20:44:58.930843,2025-10-17T20:46:58.930843,-1.554099440574646,184.697,0.1,gated
2025-10-17T20:47:06.050454,2025-10-17T20:49:06.050454,-1.6431796550750732,184.952,0.1,gated
2025-10-17T20:49:14.648423,2025-10-17T20:51:14.648423,-0.5421175360679626,184.892,0.1,gated
2025-10-17T20:51:18.861182,2025-10-17T20:53:18.861182,-0.6817057728767395,184.828,0.1,gated
2025-10-17T20:53:23.796795,2025-10-17T20:55:23.796795,-0.9139270782470703,184.897,0.1,gated
2025-10-17T20:55:28.262944,2025-10-17T20:57:28.262944,-0.9087597131729126,184.937,0.1,gated
2025-10-17T20:57:33.130850,2025-10-17T20:59:33.130850,-1.033304214477539,184.881,0.1,gated
2025-10-17T20:59:38.652579,2025-10-17T21:01:38.652579,-0.7827551960945129,184.332,0.1,gated
2025-10-17T21:01:43.039678,2025-10-17T21:03:43.039678,-1.973881721496582,184.463,0.1,gated
2025-10-17T21:03:47.852822,2025-10-17T21:05:47.852822,-0.9294942021369934,184.372,0.1,gated
2025-10-17T21:05:52.411028,2025-10-17T21:07:52.411028,-0.9485464692115784,184.445,0.1,gated
2025-10-17T21:07:57.246977,2025-10-17T21:09:57.246977,-0.8717588186264038,184.421,0.1,gated
2025-10-17T21:10:01.585537,2025-10-17T21:12:01.585537,-0.7575550675392151,184.513,0.1,gated
2025-10-17T21:12:06.039849,2025-10-17T21:14:06.039849,-0.8142149448394775,184.49,0.1,gated
2025-10-17T21:14:10.354547,2025-10-17T21:16:10.354547,-0.6888834238052368,184.428,0.1,gated
2025-10-17T21:16:14.856818,2025-10-17T21:18:14.856818,-0.57655268907547,184.228,0.1,gated
2025-10-17T21:18:21.675450,2025-10-17T21:20:21.675450,-1.9969522953033447,184.389,0.1,gated
2025-10-17T21:20:26.024561,2025-10-17T21:22:26.024561,-0.6501286625862122,184.196,0.1,gated
2025-10-17T21:22:30.485067,2025-10-17T21:24:30.485067,-2.00675630569458,184.082,0.1,gated
2025-10-17T21:25:48.846355,2025-10-17T21:27:48.846355,-0.11427126079797745,184.303,0.1,gated
2025-10-17T21:30:46.574218,2025-10-17T21:32:46.574218,-0.03239647299051285,184.303,0.03239647299051285,gated
2025-10-17T21:32:51.073309,2025-10-17T21:34:51.073309,-0.1342843770980835,184.292,0.1,gated
2025-10-17T21:34:55.443093,2025-10-17T21:36:55.443093,-0.027997516095638275,184.019,0.02651617127329113,gated
2025-10-17T21:37:00.219534,2025-10-17T21:39:00.219534,0.07849112153053284,183.899,-0.0796480260234502,gated
2025-10-17T21:39:05.587088,2025-10-17T21:41:05.587088,0.08878690749406815,183.764,-0.08952100610254346,gated
2025-10-17T21:41:10.794072,2025-10-17T21:43:10.794072,0.2048712521791458,183.542,-0.1,gated
2025-10-17T21:43:16.094598,2025-10-17T21:45:16.094598,-0.07018963247537613,183.281,0.06876761462660037,gated
2025-10-17T21:45:20.447923,2025-10-17T21:47:20.447923,-0.4393227696418762,183.402,0.1,gated
2025-10-17T21:47:25.890017,2025-10-17T21:49:25.890017,-0.3451332449913025,183.559,0.1,gated
2025-10-17T21:49:30.509368,2025-10-17T21:51:30.509368,-0.4270898401737213,183.407,0.1,gated
2025-10-17T21:51:34.935054,2025-10-17T21:53:34.935054,-0.5850532650947571,183.549,0.1,gated
2025-10-17T21:53:39.398147,2025-10-17T21:55:39.398147,-0.4269438087940216,183.54,0.1,gated
2025-10-17T21:55:43.766304,2025-10-17T21:57:43.766304,-0.44771623611450195,183.54,0.1,gated
2025-10-17T21:57:48.176381,2025-10-17T21:59:48.176381,-0.7424852252006531,183.54,0.1,gated
2025-10-17T21:59:52.706064,2025-10-17T22:01:52.706064,-0.3388293385505676,183.536,0.1,gated
2025-10-17T22:02:02.878106,2025-10-17T22:04:02.878106,-0.7411054372787476,183.692,0.1,gated
2025-10-17T22:04:07.240088,2025-10-17T22:06:07.240088,-0.17080064117908478,184.141,0.1,gated
2025-10-17T22:06:11.752408,2025-10-17T22:08:11.752408,-0.1343989372253418,184.09,0.1,gated
2025-10-17T22:08:16.313245,2025-10-17T22:10:16.313245,-0.025393977761268616,184.073,0.025301631626225975,gated
2025-10-17T22:10:20.767374,2025-10-17T22:12:20.767374,0.1382007896900177,184.319,-0.1,gated
2025-10-17T22:12:26.008533,2025-10-17T22:14:26.008533,0.12387897819280624,184.447,-0.1,gated
2025-10-17T22:14:30.235536,2025-10-17T22:16:30.235536,0.026118502020835876,184.402,-0.0256681957583236,gated
2025-10-17T22:16:34.729866,2025-10-17T22:18:34.729866,-0.6308164000511169,184.511,0.1,gated
2025-10-17T22:18:40.312655,2025-10-17T22:20:40.312655,-0.6588774919509888,184.511,0.1,gated
2025-10-17T22:20:46.145567,2025-10-17T22:22:46.145567,-0.29550477862358093,184.632,0.1,gated
2025-10-17T22:22:50.800773,2025-10-17T22:24:50.800773,-0.3040631413459778,184.839,0.1,gated
2025-10-17T22:24:56.651962,2025-10-17T22:26:56.651962,-0.3190174996852875,184.579,0.1,gated
2025-10-17T22:27:01.543443,2025-10-17T22:29:01.543443,-0.5681471824645996,184.303,0.1,gated
2025-10-17T22:29:06.086090,2025-10-17T22:31:06.086090,-0.31985798478126526,184.289,0.1,gated
2025-10-17T22:31:10.438359,2025-10-17T22:33:10.438359,-0.3174669146537781,184.03,0.1,gated
2025-10-17T22:33:14.792052,2025-10-17T22:35:14.792052,-0.29283055663108826,183.891,0.1,gated
2025-10-17T22:35:19.189779,2025-10-17T22:37:19.189779,-0.42090100049972534,183.891,0.1,gated
2025-10-17T22:37:23.533062,2025-10-17T22:39:23.533062,-0.37202972173690796,184.133,0.1,gated
2025-10-17T22:39:27.882603,2025-10-17T22:41:27.882603,-0.21901437640190125,184.089,0.1,gated
2025-10-17T22:41:32.848974,2025-10-17T22:43:32.848974,-0.31915611028671265,184.309,0.1,gated
2025-10-17T22:43:37.180358,2025-10-17T22:45:37.180358,-0.23899605870246887,184.347,0.1,gated
2025-10-17T22:45:42.054334,2025-10-17T22:47:42.054334,-0.011597767472267151,184.534,0.012612158810341544,normal
2025-10-17T22:47:46.306285,2025-10-17T22:49:46.306285,-0.058787040412425995,184.749,0.05995213735933009,gated
2025-10-17T22:49:50.920166,2025-10-17T22:51:50.920166,-0.12249915301799774,184.619,0.1,gated
2025-10-17T22:51:55.477535,2025-10-17T22:53:55.477535,-0.0483841747045517,184.448,0.047457942843258986,gated
2025-10-17T22:53:59.839557,2025-10-17T22:55:59.839557,0.05809904634952545,184.602,-0.05726412268540331,gated
2025-10-17T22:56:05.341771,2025-10-17T22:58:05.341771,-0.05970042198896408,184.583,0.05959749786029808,gated
2025-10-17T22:58:09.795652,2025-10-17T23:00:09.795652,-0.22464579343795776,184.606,0.1,gated
2025-10-17T23:00:14.201656,2025-10-17T23:02:14.201656,-0.3569529056549072,184.374,0.1,gated
2025-10-17T23:02:18.855605,2025-10-17T23:04:18.855605,-0.10269942879676819,184.692,0.1,gated
2025-10-17T23:04:23.137578,2025-10-17T23:06:23.137578,-0.45369741320610046,185.042,0.1,gated
2025-10-17T23:06:27.729056,2025-10-17T23:08:27.729056,-0.43042442202568054,185.042,0.1,gated
2025-10-17T23:08:32.007299,2025-10-17T23:10:32.007299,-0.48534542322158813,185.599,0.1,gated
2025-10-17T23:10:37.489957,2025-10-17T23:12:37.489957,-0.4748861789703369,185.681,0.1,gated
2025-10-17T23:12:42.903047,2025-10-17T23:14:42.903047,-0.554779052734375,185.6,0.1,gated
2025-10-17T23:14:47.465749,2025-10-17T23:16:47.465749,-0.4643087387084961,185.469,0.1,gated
2025-10-17T23:16:52.258118,2025-10-17T23:18:52.258118,-0.4973587095737457,185.472,0.1,gated
2025-10-17T23:18:56.762265,2025-10-17T23:20:56.762265,-0.48056650161743164,185.712,0.1,gated
2025-10-17T23:21:01.231394,2025-10-17T23:23:01.231394,0.028720326721668243,185.505,-0.030152197142778104,gated
2025-10-17T23:23:05.590622,2025-10-17T23:25:05.590622,-0.4758060574531555,185.505,0.1,gated
2025-10-17T23:25:10.030573,2025-10-17T23:27:10.030573,-0.5232333540916443,185.576,0.1,gated
2025-10-17T23:27:14.513684,2025-10-17T23:29:14.513684,-0.6340869665145874,185.579,0.1,gated
2025-10-17T23:29:18.826161,2025-10-17T23:31:18.826161,-0.5774123668670654,185.422,0.1,gated
2025-10-17T23:31:23.314525,2025-10-17T23:33:23.314525,0.08690961450338364,185.594,-0.08598200073586953,gated
2025-10-17T23:33:28.500548,2025-10-17T23:35:28.500548,0.14261363446712494,185.376,-0.1,gated
2025-10-17T23:35:33.635031,2025-10-17T23:37:33.635031,-0.6048873662948608,185.499,0.1,gated
2025-10-17T23:37:39.326822,2025-10-17T23:39:39.326822,-0.3307177424430847,185.189,0.1,gated
2025-10-17T23:39:43.722410,2025-10-17T23:41:43.722410,-0.8755398392677307,185.189,0.1,gated
2025-10-17T23:41:47.982008,2025-10-17T23:43:47.982008,-1.0585793256759644,185.412,0.1,gated
2025-10-17T23:43:52.288408,2025-10-17T23:45:52.288408,-1.220369815826416,185.528,0.1,gated
2025-10-17T23:45:56.714294,2025-10-17T23:47:56.714294,-1.1875007152557373,186.251,0.1,gated
2025-10-17T23:48:02.309643,2025-10-17T23:50:02.309643,-1.184585690498352,186.281,0.1,gated
2025-10-17T23:50:06.834469,2025-10-17T23:52:06.834469,-0.9149006009101868,186.269,0.1,gated
2025-10-17T23:52:11.262708,2025-10-17T23:54:11.262708,-1.296302318572998,186.406,0.1,gated
2025-10-17T23:54:15.635558,2025-10-17T23:56:15.635558,-1.332800269126892,186.509,0.1,gated
2025-10-17T23:56:19.992675,2025-10-17T23:58:19.992675,-1.1684496402740479,186.584,0.1,gated
2025-10-17T23:58:24.360636,2025-10-18T00:00:24.360636,-1.1655277013778687,186.329,0.1,gated
2025-10-18T00:00:28.639719,2025-10-18T00:02:28.639719,-1.192766547203064,186.681,0.1,gated
2025-10-18T00:02:33.066216,2025-10-18T00:04:33.066216,-1.245842695236206,187.486,0.1,gated
2025-10-18T00:04:38.732812,2025-10-18T00:06:38.732812,-1.293053388595581,187.554,0.1,gated
2025-10-18T00:06:44.742060,2025-10-18T00:08:44.742060,-1.3696672916412354,188.245,0.1,gated
2025-10-18T00:08:49.474656,2025-10-18T00:10:49.474656,-0.8762820363044739,188.175,0.1,gated
2025-10-18T00:10:54.251642,2025-10-18T00:12:54.251642,-0.9351623058319092,188.053,0.1,gated
2025-10-18T00:12:58.835754,2025-10-18T00:14:58.835754,-1.2644827365875244,188.022,0.1,gated
2025-10-18T00:15:03.361643,2025-10-18T00:17:03.361643,-0.8455880284309387,187.609,0.1,gated
2025-10-18T00:17:07.927596,2025-10-18T00:19:07.927596,-0.7874362468719482,187.685,0.1,gated
2025-10-18T00:19:12.213165,2025-10-18T00:21:12.213165,-1.497755527496338,187.158,0.1,gated
2025-10-18T00:21:16.726033,2025-10-18T00:23:16.726033,-0.7399715185165405,187.315,0.1,gated
2025-10-18T00:23:21.206067,2025-10-18T00:25:21.206067,-1.5056486129760742,187.365,0.1,gated
2025-10-18T00:25:25.690503,2025-10-18T00:27:25.690503,-0.6938972473144531,187.428,0.1,gated
2025-10-18T00:27:30.035000,2025-10-18T00:29:30.035000,-1.5705196857452393,187.738,0.1,gated
2025-10-18T00:29:34.456555,2025-10-18T00:31:34.456555,-1.647585391998291,187.604,0.1,gated
2025-10-18T00:31:38.823200,2025-10-18T00:33:38.823200,-1.6129230260849,187.527,0.1,gated
2025-10-18T00:33:43.223519,2025-10-18T00:35:43.223519,-1.726375937461853,187.505,0.1,gated
2025-10-18T00:35:47.536754,2025-10-18T00:37:47.536754,-0.46022695302963257,187.385,0.1,gated
2025-10-18T00:37:52.094819,2025-10-18T00:39:52.094819,-1.8106883764266968,187.385,0.1,gated
2025-10-18T00:39:57.689706,2025-10-18T00:41:57.689706,-0.4806756377220154,187.863,0.1,gated
2025-10-18T00:42:02.188078,2025-10-18T00:44:02.188078,-1.6342363357543945,187.443,0.1,gated
2025-10-18T00:44:07.916629,2025-10-18T00:46:07.916629,-1.5971388816833496,187.25,0.1,gated
2025-10-18T00:46:12.256861,2025-10-18T00:48:12.256861,-1.6701292991638184,187.0,0.1,gated
2025-10-18T00:48:16.908102,2025-10-18T00:50:16.908102,-1.5985549688339233,187.295,0.1,gated
2025-10-18T00:50:21.355807,2025-10-18T00:52:21.355807,-1.5663281679153442,187.565,0.1,gated
2025-10-18T00:52:25.716515,2025-10-18T00:54:25.716515,-0.7261834144592285,187.191,0.1,gated
2025-10-18T00:54:30.066800,2025-10-18T00:56:30.066800,-1.5296235084533691,186.614,0.1,gated
2025-10-18T00:56:34.443164,2025-10-18T00:58:34.443164,-1.7096374034881592,186.306,0.1,gated
2025-10-18T00:58:39.196340,2025-10-18T01:00:39.196340,-1.5630180835723877,186.263,0.1,gated
2025-10-18T01:00:43.605582,2025-10-18T01:02:43.605582,-1.7079039812088013,186.457,0.1,gated
2025-10-18T01:02:48.035238,2025-10-18T01:04:48.035238,-0.7440850734710693,186.609,0.1,gated
2025-10-18T01:04:52.608147,2025-10-18T01:06:52.608147,-0.7084912657737732,186.863,0.1,gated
2025-10-18T01:06:57.177266,2025-10-18T01:08:57.177266,-0.7614697813987732,187.213,0.1,gated
2025-10-18T01:09:01.931426,2025-10-18T01:11:01.931426,-0.7938359975814819,187.059,0.1,gated
2025-10-18T01:11:06.337024,2025-10-18T01:13:06.337024,-1.604872465133667,186.956,0.1,gated
2025-10-18T01:13:10.673022,2025-10-18T01:15:10.673022,-1.7284613847732544,186.925,0.1,gated
2025-10-18T01:15:15.022817,2025-10-18T01:17:15.022817,-1.640165090560913,186.839,0.1,gated
2025-10-18T01:17:19.302146,2025-10-18T01:19:19.302146,-1.7211568355560303,186.839,0.1,gated
2025-10-18T01:19:24.475951,2025-10-18T01:21:24.475951,-1.720481276512146,186.929,0.1,gated
2025-10-18T01:21:29.259313,2025-10-18T01:23:29.259313,-1.75568687915802,187.157,0.1,gated
2025-10-18T01:24:54.339618,2025-10-18T01:26:54.339618,-0.23969852924346924,186.629,0.1,gated
2025-10-18T01:30:45.719444,2025-10-18T01:32:45.719444,-0.1682688593864441,186.737,0.1,gated
2025-10-18T01:35:29.700499,2025-10-18T01:37:29.700499,-0.17625218629837036,186.737,0.1,gated
2025-10-18T01:37:33.975229,2025-10-18T01:39:33.975229,-0.21590568125247955,186.582,0.1,gated
2025-10-18T01:39:38.358457,2025-10-18T01:41:38.358457,0.1603223979473114,186.382,-0.1,gated
2025-10-18T01:41:43.528108,2025-10-18T01:43:43.528108,0.16571131348609924,186.428,-0.1,gated
2025-10-18T01:43:48.839704,2025-10-18T01:45:48.839704,-0.15823087096214294,186.428,0.1,gated
2025-10-18T01:45:54.440991,2025-10-18T01:47:54.440991,-0.05815420299768448,186.25,0.057199410799087705,gated
2025-10-18T02:06:22.049199,2025-10-18T02:08:22.049199,-0.43207859992980957,185.932,0.1,gated
2025-10-18T02:16:46.696872,2025-10-18T02:18:46.696872,-0.7419862747192383,185.975,0.1,gated
2025-10-18T02:18:52.508521,2025-10-18T02:20:52.508521,-0.7953844666481018,186.189,0.1,gated
2025-10-18T02:20:56.963646,2025-10-18T02:22:56.963646,-0.21659314632415771,186.189,0.1,gated
2025-10-18T02:23:01.327688,2025-10-18T02:25:01.327688,-0.6163210272789001,186.401,0.1,gated
2025-10-18T02:25:05.738504,2025-10-18T02:27:05.738504,0.14480134844779968,186.367,-0.1,gated
2025-10-18T02:27:11.008773,2025-10-18T02:29:11.008773,-0.5882952213287354,186.485,0.1,gated
2025-10-18T02:29:16.512726,2025-10-18T02:31:16.512726,-0.6758416891098022,186.385,0.1,gated
2025-10-18T02:31:20.873789,2025-10-18T02:33:20.873789,-0.629104495048523,185.927,0.1,gated
2025-10-18T02:33:25.538755,2025-10-18T02:35:25.538755,-0.2812788486480713,185.862,0.1,gated
2025-10-18T02:35:29.851556,2025-10-18T02:37:29.851556,-0.24340695142745972,185.622,0.1,gated
2025-10-18T02:37:34.332415,2025-10-18T02:39:34.332415,0.14980831742286682,185.635,-0.1,gated
2025-10-18T02:39:39.575600,2025-10-18T02:41:39.575600,-0.3088133633136749,185.731,0.1,gated
2025-10-18T02:41:43.924376,2025-10-18T02:43:43.924376,-0.6353906393051147,185.731,0.1,gated
2025-10-18T02:43:48.276618,2025-10-18T02:45:48.276618,-0.6200759410858154,185.835,0.1,gated
2025-10-18T02:45:52.823601,2025-10-18T02:47:52.823601,-0.5255637764930725,185.612,0.1,gated
2025-10-18T02:47:57.288997,2025-10-18T02:49:57.288997,-0.3381667137145996,185.633,0.1,gated
2025-10-18T02:50:01.555619,2025-10-18T02:52:01.555619,0.2780866026878357,185.665,-0.1,gated
2025-10-18T02:52:06.797542,2025-10-18T02:54:06.797542,-0.3323032855987549,186.043,0.1,gated
2025-10-18T02:54:11.130231,2025-10-18T02:56:11.130231,0.3067765235900879,186.165,-0.1,gated
2025-10-18T02:56:15.562644,2025-10-18T02:58:15.562644,-0.5182998776435852,186.165,0.1,gated
2025-10-18T02:58:19.921848,2025-10-18T03:00:19.921848,0.43719080090522766,186.048,-0.1,gated
2025-10-18T03:00:25.056129,2025-10-18T03:02:25.056129,-0.9297114610671997,186.065,0.1,gated
2025-10-18T03:02:30.759898,2025-10-18T03:04:30.759898,0.21872971951961517,185.78,-0.1,gated
2025-10-18T03:04:36.042123,2025-10-18T03:06:36.042123,-1.2017390727996826,185.855,0.1,gated
2025-10-18T03:06:41.635094,2025-10-18T03:08:41.635094,-1.2126991748809814,185.809,0.1,gated
2025-10-18T03:08:45.980912,2025-10-18T03:10:45.980912,-1.3196566104888916,185.494,0.1,gated
2025-10-18T03:15:20.288106,2025-10-18T03:17:20.288106,0.2752326726913452,185.441,-0.1,gated
2025-10-18T03:17:25.303820,2025-10-18T03:19:25.303820,0.21627718210220337,185.626,-0.1,gated
2025-10-18T03:19:30.433034,2025-10-18T03:21:30.433034,-0.07261878252029419,185.593,0.07244100570023665,gated
2025-10-18T03:21:34.888810,2025-10-18T03:23:34.888810,-0.44759291410446167,185.371,0.1,gated
2025-10-18T03:23:42.119112,2025-10-18T03:25:42.119112,-0.2710157334804535,185.712,0.1,gated
2025-10-18T03:25:47.988663,2025-10-18T03:27:47.988663,-0.546532928943634,185.802,0.1,gated
2025-10-18T03:27:52.611586,2025-10-18T03:29:52.611586,-0.3954448103904724,185.764,0.1,gated
2025-10-18T03:29:57.221467,2025-10-18T03:31:57.221467,-0.48453179001808167,185.947,0.1,gated
2025-10-18T03:32:01.939950,2025-10-18T03:34:01.939950,-0.4895079433917999,186.078,0.1,gated
2025-10-18T03:34:06.429738,2025-10-18T03:36:06.429738,-0.4992089867591858,186.0,0.1,gated
2025-10-18T03:36:10.826317,2025-10-18T03:38:10.826317,-0.34901756048202515,185.945,0.1,gated
2025-10-18T03:38:15.307757,2025-10-18T03:40:15.307757,-0.4602214992046356,185.944,0.1,gated
2025-10-18T03:40:19.775109,2025-10-18T03:42:19.775109,-0.4602968394756317,186.053,0.1,gated
2025-10-18T03:42:24.320144,2025-10-18T03:44:24.320144,-0.23718774318695068,186.202,0.1,gated
2025-10-18T03:44:28.875356,2025-10-18T03:46:28.875356,-0.22553648054599762,186.202,0.1,gated
2025-10-18T03:46:33.315299,2025-10-18T03:48:33.315299,-0.22247645258903503,185.494,0.1,gated
2025-10-18T03:48:37.748906,2025-10-18T03:50:37.748906,-0.3793649971485138,185.494,0.1,gated
2025-10-18T03:50:42.087554,2025-10-18T03:52:42.087554,-0.24504640698432922,185.373,0.1,gated
2025-10-18T03:52:46.538132,2025-10-18T03:54:46.538132,-0.2841106355190277,185.381,0.1,gated
2025-10-18T03:54:50.876633,2025-10-18T03:56:50.876633,-0.15924489498138428,184.72,0.1,gated
2025-10-18T03:56:55.215741,2025-10-18T03:58:55.215741,0.11844764649868011,185.108,-0.1,gated
2025-10-18T03:59:00.810342,2025-10-18T04:01:00.810342,-0.0709923505783081,185.142,0.0711760271346968,gated
2025-10-18T04:01:06.657785,2025-10-18T04:03:06.657785,0.062008000910282135,184.871,-0.06347174225476367,gated
2025-10-18T04:03:12.138699,2025-10-18T04:05:12.138699,-0.22718147933483124,184.8,0.1,gated
2025-10-18T04:05:17.715277,2025-10-18T04:07:17.715277,-0.019584037363529205,184.943,0.02035784688733873,gated
2025-10-18T04:07:22.040358,2025-10-18T04:09:22.040358,-0.2975373864173889,184.882,0.1,gated
2025-10-18T04:09:26.506732,2025-10-18T04:11:26.506732,-0.2459281086921692,184.994,0.1,gated
2025-10-18T04:11:30.875966,2025-10-18T04:13:30.875966,-0.24632053077220917,185.116,0.1,gated
2025-10-18T04:13:35.198376,2025-10-18T04:15:35.198376,-0.23893606662750244,185.494,0.1,gated
2025-10-18T04:15:39.506924,2025-10-18T04:17:39.506924,-0.17002928256988525,185.39,0.1,gated
2025-10-18T04:17:43.907645,2025-10-18T04:19:43.907645,-0.27065014839172363,185.457,0.1,gated
2025-10-18T04:19:48.440142,2025-10-18T04:21:48.440142,-0.17767184972763062,185.347,0.1,gated
2025-10-18T04:21:52.794062,2025-10-18T04:23:52.794062,-0.029279179871082306,185.23,0.02864793145594745,gated
2025-10-18T04:23:57.246299,2025-10-18T04:25:57.246299,-0.15238185226917267,185.112,0.1,gated
2025-10-18T04:26:01.623107,2025-10-18T04:28:01.623107,-0.18531224131584167,184.872,0.1,gated
2025-10-18T04:28:06.149329,2025-10-18T04:30:06.149329,-0.17893780767917633,184.805,0.1,gated
2025-10-18T04:30:10.560167,2025-10-18T04:32:10.560167,-0.03397725895047188,184.9,0.03449131430611702,gated
2025-10-18T04:32:15.016483,2025-10-18T04:34:15.016483,0.028948049992322922,185.01,-0.02835313382141973,gated
2025-10-18T04:34:20.066578,2025-10-18T04:36:20.066578,-0.0002036839723587036,185.192,0.0011874145815149654,normal
2025-10-18T04:36:24.764483,2025-10-18T04:38:24.764483,-0.15476757287979126,185.205,0.1,gated
2025-10-18T04:38:30.403439,2025-10-18T04:40:30.403439,-0.2069358378648758,185.773,0.1,gated
2025-10-18T04:40:34.820753,2025-10-18T04:42:34.820753,-0.07865642011165619,185.773,0.07865642011165619,gated
2025-10-18T04:42:39.481849,2025-10-18T04:44:39.481849,-0.29393622279167175,185.947,0.1,gated
2025-10-18T04:44:44.072498,2025-10-18T04:46:44.072498,-0.3280724883079529,185.831,0.1,gated
2025-10-18T04:46:48.429763,2025-10-18T04:48:48.429763,-0.3701743483543396,185.976,0.1,gated
2025-10-18T04:48:52.925324,2025-10-18T04:50:52.925324,-0.2806554436683655,185.976,0.1,gated
2025-10-18T04:50:57.398680,2025-10-18T04:52:57.398680,-0.4024842381477356,185.976,0.1,gated
2025-10-18T05:17:04.050616,2025-10-18T05:19:04.050616,0.08519589155912399,187.237,-0.08405700029383184,gated
2025-10-18T05:21:09.104592,2025-10-18T05:23:09.104592,0.04008893668651581,186.604,-0.04184358543579362,gated
2025-10-18T05:23:14.513611,2025-10-18T05:25:14.513611,-0.33708974719047546,186.502,0.1,gated
2025-10-18T05:25:20.598104,2025-10-18T05:27:20.598104,-0.18705615401268005,186.262,0.1,gated
2025-10-18T05:27:26.353810,2025-10-18T05:29:26.353810,-0.5615231990814209,186.23,0.1,gated
2025-10-18T05:29:32.449239,2025-10-18T05:31:32.449239,-0.368568480014801,186.115,0.1,gated
2025-10-18T05:31:36.958644,2025-10-18T05:33:36.958644,-0.7192863821983337,186.287,0.1,gated
2025-10-18T05:33:41.402272,2025-10-18T05:35:41.402272,-0.7463462352752686,186.28,0.1,gated
2025-10-18T05:35:45.835067,2025-10-18T05:37:45.835067,-0.21388934552669525,185.85,0.1,gated
2025-10-18T05:37:50.204921,2025-10-18T05:39:50.204921,-0.6588457822799683,186.114,0.1,gated
2025-10-18T05:39:54.729440,2025-10-18T05:41:54.729440,-0.7147091627120972,186.03,0.1,gated
2025-10-18T05:41:59.227488,2025-10-18T05:43:59.227488,0.11275066435337067,186.13,-0.1,gated
2025-10-18T05:44:03.725758,2025-10-18T05:46:03.725758,-0.41684964299201965,186.13,0.1,gated
2025-10-18T05:46:08.132737,2025-10-18T05:48:08.132737,-0.4329952001571655,186.13,0.1,gated
2025-10-18T05:48:12.643084,2025-10-18T05:50:12.643084,-0.38331884145736694,186.293,0.1,gated
2025-10-18T05:50:16.896770,2025-10-18T05:52:16.896770,0.2745077610015869,186.293,-0.1,gated
2025-10-18T05:52:21.309109,2025-10-18T05:54:21.309109,-0.23616549372673035,186.293,0.1,gated
2025-10-18T05:54:25.871588,2025-10-18T05:56:25.871588,-0.39031943678855896,186.162,0.1,gated
2025-10-18T05:56:30.202539,2025-10-18T05:58:30.202539,0.5318930149078369,186.162,-0.1,gated
2025-10-18T05:58:34.521410,2025-10-18T06:00:34.521410,-0.4014896750450134,186.14,0.1,gated
2025-10-18T06:00:38.946568,2025-10-18T06:02:38.946568,-0.3607545793056488,185.799,0.1,gated
2025-10-18T06:02:43.281840,2025-10-18T06:04:43.281840,-0.3745209574699402,185.543,0.1,gated
2025-10-18T06:04:47.730258,2025-10-18T06:06:47.730258,0.6600252389907837,185.682,-0.1,gated
2025-10-18T06:06:52.335541,2025-10-18T06:08:52.335541,-0.29096174240112305,185.468,0.1,gated
2025-10-18T06:08:56.767595,2025-10-18T06:10:56.767595,-0.3342517018318176,185.425,0.1,gated
2025-10-18T06:11:01.231212,2025-10-18T06:13:01.231212,-0.4140813946723938,185.802,0.1,gated
2025-10-18T06:13:05.994047,2025-10-18T06:15:05.994047,-0.3553629517555237,185.802,0.1,gated
2025-10-18T06:15:10.364253,2025-10-18T06:17:10.364253,0.7323310375213623,185.665,-0.1,gated
2025-10-18T06:17:14.944292,2025-10-18T06:19:14.944292,-0.20529651641845703,185.005,0.1,gated
2025-10-18T06:19:19.421299,2025-10-18T06:21:19.421299,-0.2455931007862091,185.076,0.1,gated
2025-10-18T06:21:23.877760,2025-10-18T06:23:23.877760,0.026583652943372726,185.275,-0.025508418985431124,gated
2025-10-18T06:23:28.476062,2025-10-18T06:25:28.476062,-0.21670322120189667,185.509,0.1,gated
2025-10-18T06:25:32.816260,2025-10-18T06:27:32.816260,0.7737372517585754,185.486,-0.1,gated
2025-10-18T06:27:37.188015,2025-10-18T06:29:37.188015,-0.10619764775037766,185.376,0.1,gated
2025-10-18T06:29:41.616376,2025-10-18T06:31:41.616376,-0.33395975828170776,185.392,0.1,gated
2025-10-18T06:31:46.088730,2025-10-18T06:33:46.088730,-0.24640068411827087,185.176,0.1,gated
2025-10-18T06:33:50.640050,2025-10-18T06:35:50.640050,0.5989819765090942,185.664,-0.1,gated
2025-10-18T06:35:55.412946,2025-10-18T06:37:55.412946,-0.26223024725914,185.042,0.1,gated
2025-10-18T06:37:59.813266,2025-10-18T06:39:59.813266,-0.3031995892524719,184.906,0.1,gated
2025-10-18T06:40:04.229455,2025-10-18T06:42:04.229455,-0.22385837137699127,184.906,0.1,gated
2025-10-18T07:06:50.806173,2025-10-18T07:08:50.806173,0.16265928745269775,184.886,-0.1,gated
2025-10-18T07:10:55.833923,2025-10-18T07:12:55.833923,-0.7713028788566589,184.366,0.1,gated
2025-10-18T07:13:00.135399,2025-10-18T07:15:00.135399,0.0855967178940773,184.336,-0.08575943770141704,gated
2025-10-18T07:15:05.293318,2025-10-18T07:17:05.293318,-1.1464323997497559,184.302,0.1,gated
2025-10-18T07:17:09.636249,2025-10-18T07:19:09.636249,0.37981921434402466,184.776,-0.1,gated
2025-10-18T07:19:14.745603,2025-10-18T07:21:14.745603,-1.2355135679244995,184.717,0.1,gated
2025-10-18T07:21:20.459482,2025-10-18T07:23:20.459482,-1.140353798866272,184.831,0.1,gated
2025-10-18T07:23:25.050423,2025-10-18T07:25:25.050423,-1.2190711498260498,184.776,0.1,gated
2025-10-18T07:25:29.468226,2025-10-18T07:27:29.468226,0.422091007232666,184.45,-0.1,gated
2025-10-18T07:27:34.845800,2025-10-18T07:29:34.845800,0.5275169014930725,184.856,-0.1,gated
2025-10-18T07:29:40.059913,2025-10-18T07:31:40.059913,0.558550238609314,185.522,-0.1,gated
2025-10-18T07:31:45.324116,2025-10-18T07:33:45.324116,0.4410647451877594,185.736,-0.1,gated
2025-10-18T07:33:50.505392,2025-10-18T07:35:50.505392,-1.6196599006652832,185.431,0.1,gated
2025-10-18T07:35:56.284015,2025-10-18T07:37:56.284015,-1.6721282005310059,185.875,0.1,gated
2025-10-18T07:38:01.943754,2025-10-18T07:40:01.943754,-1.8381471633911133,186.055,0.1,gated
2025-10-18T07:40:07.413837,2025-10-18T07:42:07.413837,0.016446854919195175,185.804,-0.017795918368175314,normal
2025-10-18T07:42:12.095963,2025-10-18T07:44:12.095963,-1.9980628490447998,185.73,0.1,gated
2025-10-18T07:44:17.639303,2025-10-18T07:46:17.639303,-2.0943856239318848,185.712,0.1,gated
2025-10-18T07:46:23.322097,2025-10-18T07:48:23.322097,-2.13633131980896,185.996,0.1,gated
2025-10-18T07:48:27.624345,2025-10-18T07:50:27.624345,-0.1257835477590561,185.816,0.1,gated
2025-10-18T07:50:32.063143,2025-10-18T07:52:32.063143,-2.2264254093170166,185.756,0.1,gated
2025-10-18T07:52:36.547361,2025-10-18T07:54:36.547361,-2.2536208629608154,185.606,0.1,gated
2025-10-18T07:54:40.902034,2025-10-18T07:56:40.902034,-2.3082966804504395,185.344,0.1,gated
2025-10-18T07:56:45.287951,2025-10-18T07:58:45.287951,-2.171879768371582,185.666,0.1,gated
2025-10-18T07:58:49.684278,2025-10-18T08:00:49.684278,-0.3254268765449524,185.947,0.1,gated
2025-10-18T08:00:54.437757,2025-10-18T08:02:54.437757,-0.09998348355293274,185.605,0.09920824384773917,gated
2025-10-18T08:02:58.999313,2025-10-18T08:04:58.999313,-2.241964340209961,185.702,0.1,gated
2025-10-18T08:05:03.484125,2025-10-18T08:07:03.484125,0.03428304195404053,185.826,-0.03361530547301179,gated
2025-10-18T08:07:09.965395,2025-10-18T08:09:09.965395,-0.05246710777282715,185.494,0.050680490184330386,gated
2025-10-18T08:09:14.528428,2025-10-18T08:11:14.528428,0.15239164233207703,185.531,-0.1,gated
2025-10-18T08:11:19.626533,2025-10-18T08:13:19.626533,-2.2257721424102783,185.323,0.1,gated
2025-10-18T08:13:25.399469,2025-10-18T08:15:25.399469,-2.4838707447052,185.359,0.1,gated
2025-10-18T08:15:29.720225,2025-10-18T08:17:29.720225,-2.368910551071167,185.583,0.1,gated
2025-10-18T08:17:34.083237,2025-10-18T08:19:34.083237,-2.5524649620056152,185.623,0.1,gated
2025-10-18T08:19:38.581582,2025-10-18T08:21:38.581582,-2.503587245941162,185.479,0.1,gated
2025-10-18T08:21:43.004802,2025-10-18T08:23:43.004802,-2.643505096435547,185.496,0.1,gated
2025-10-18T08:23:47.502809,2025-10-18T08:25:47.502809,-2.453749895095825,185.728,0.1,gated
2025-10-18T08:25:52.053707,2025-10-18T08:27:52.053707,0.7217091917991638,185.285,-0.1,gated
2025-10-18T08:27:57.388384,2025-10-18T08:29:57.388384,-2.5321757793426514,185.256,0.1,gated
2025-10-18T08:30:03.129363,2025-10-18T08:32:03.129363,-2.6151905059814453,185.006,0.1,gated
2025-10-18T08:32:07.595626,2025-10-18T08:34:07.595626,-2.453845262527466,184.881,0.1,gated
2025-10-18T08:34:11.984640,2025-10-18T08:36:11.984640,-2.4761762619018555,184.964,0.1,gated
2025-10-18T08:36:16.525411,2025-10-18T08:38:16.525411,-2.6198558807373047,184.964,0.1,gated
2025-10-18T08:38:21.043493,2025-10-18T08:40:21.043493,-2.6817891597747803,185.139,0.1,gated
2025-10-18T08:40:25.379687,2025-10-18T08:42:25.379687,-2.4770395755767822,185.223,0.1,gated
2025-10-18T08:42:29.695589,2025-10-18T08:44:29.695589,0.07044573873281479,185.148,-0.07085065604869889,gated
2025-10-18T08:44:35.180997,2025-10-18T08:46:35.180997,-2.489769220352173,185.103,0.1,gated
2025-10-18T08:46:40.793361,2025-10-18T08:48:40.793361,-2.555119752883911,185.494,0.1,gated
2025-10-18T08:48:45.380379,2025-10-18T08:50:45.380379,-2.5588622093200684,185.381,0.1,gated
2025-10-18T08:50:49.632176,2025-10-18T08:52:49.632176,-2.6662917137145996,185.389,0.1,gated
2025-10-18T08:52:53.931844,2025-10-18T08:54:53.931844,-2.752825975418091,185.422,0.1,gated
2025-10-18T08:54:58.311706,2025-10-18T08:56:58.311706,0.5637373328208923,185.405,-0.1,gated
2025-10-18T08:57:03.597013,2025-10-18T08:59:03.597013,-2.654294013977051,185.347,0.1,gated
2025-10-18T08:59:09.397325,2025-10-18T09:01:09.397325,0.5547254085540771,185.049,-0.1,gated
2025-10-18T09:01:14.758109,2025-10-18T09:03:14.758109,-2.9742634296417236,185.102,0.1,gated
2025-10-18T09:03:20.537854,2025-10-18T09:05:20.537854,-2.885359525680542,185.554,0.1,gated
2025-10-18T09:05:25.043184,2025-10-18T09:07:25.043184,-2.9467759132385254,184.875,0.1,gated
2025-10-18T09:07:29.783514,2025-10-18T09:09:29.783514,-0.2754925489425659,184.611,0.1,gated
2025-10-18T09:09:34.190904,2025-10-18T09:11:34.190904,-2.9678335189819336,184.611,0.1,gated
2025-10-18T09:11:38.493838,2025-10-18T09:13:38.493838,-2.992262363433838,184.611,0.1,gated
2025-10-18T09:13:42.814784,2025-10-18T09:15:42.814784,-2.9276509284973145,184.611,0.1,gated
2025-10-18T09:15:47.236171,2025-10-18T09:17:47.236171,-0.5988574624061584,184.732,0.1,gated
2025-10-18T09:17:51.660885,2025-10-18T09:19:51.660885,-2.873018503189087,184.465,0.1,gated
2025-10-18T09:19:56.210975,2025-10-18T09:21:56.210975,-2.73840594291687,184.585,0.1,gated
2025-10-18T09:22:00.813795,2025-10-18T09:24:00.813795,-1.2603920698165894,184.145,0.1,gated
2025-10-18T09:24:05.269873,2025-10-18T09:26:05.269873,-2.7548155784606934,184.175,0.1,gated
2025-10-18T09:26:09.680687,2025-10-18T09:28:09.680687,-2.0217783451080322,184.146,0.1,gated
2025-10-18T09:28:14.123442,2025-10-18T09:30:14.123442,-2.636584758758545,184.219,0.1,gated
2025-10-18T09:30:18.519770,2025-10-18T09:32:18.519770,-2.7058157920837402,183.692,0.1,gated
2025-10-18T09:32:22.949813,2025-10-18T09:34:22.949813,-2.8256092071533203,183.679,0.1,gated
2025-10-18T09:34:28.812544,2025-10-18T09:36:28.812544,-2.5717642307281494,183.865,0.1,gated
2025-10-18T09:36:33.278501,2025-10-18T09:38:33.278501,-2.627211332321167,183.865,0.1,gated
2025-10-18T09:38:37.665064,2025-10-18T09:40:37.665064,-2.646594285964966,183.415,0.1,gated
2025-10-18T09:40:42.175902,2025-10-18T09:42:42.175902,-2.5973503589630127,183.62,0.1,gated
2025-10-18T09:42:46.581971,2025-10-18T09:44:46.581971,-2.627317428588867,183.774,0.1,gated
2025-10-18T09:44:50.982634,2025-10-18T09:46:50.982634,-2.2029335498809814,183.815,0.1,gated
2025-10-18T09:46:55.534342,2025-10-18T09:48:55.534342,-2.6357474327087402,183.635,0.1,gated
2025-10-18T09:49:00.084542,2025-10-18T09:51:00.084542,-2.6226651668548584,183.725,0.1,gated
2025-10-18T09:51:04.440085,2025-10-18T09:53:04.440085,-2.182804822921753,183.993,0.1,gated
2025-10-18T09:53:08.806896,2025-10-18T09:55:08.806896,-2.47208309173584,184.045,0.1,gated
2025-10-18T09:55:13.360481,2025-10-18T09:57:13.360481,-2.4503297805786133,184.313,0.1,gated
2025-10-18T09:57:17.840140,2025-10-18T09:59:17.840140,-2.432645797729492,184.341,0.1,gated
2025-10-18T09:59:22.258463,2025-10-18T10:01:22.258463,-2.4949913024902344,184.257,0.1,gated
2025-10-18T10:01:26.660623,2025-10-18T10:03:26.660623,-2.585914373397827,184.074,0.1,gated
2025-10-18T10:03:31.194775,2025-10-18T10:05:31.194775,-2.1487419605255127,183.964,0.1,gated
2025-10-18T10:05:35.584658,2025-10-18T10:07:35.584658,-2.51000714302063,183.988,0.1,gated
2025-10-18T10:07:39.925138,2025-10-18T10:09:39.925138,-2.364936590194702,184.275,0.1,gated
2025-10-18T10:09:44.450046,2025-10-18T10:11:44.450046,-2.486342191696167,184.206,0.1,gated
2025-10-18T10:11:48.954022,2025-10-18T10:13:48.954022,-2.0797643661499023,184.442,0.1,gated
2025-10-18T10:13:53.250568,2025-10-18T10:15:53.250568,-2.4984593391418457,184.639,0.1,gated
2025-10-18T10:15:57.825889,2025-10-18T10:17:57.825889,-2.4378297328948975,184.835,0.1,gated
2025-10-18T10:18:02.275117,2025-10-18T10:20:02.275117,-2.2913448810577393,184.885,0.1,gated
2025-10-18T10:20:06.919681,2025-10-18T10:22:06.919681,-2.5173068046569824,184.782,0.1,gated
2025-10-18T10:22:11.562976,2025-10-18T10:24:11.562976,-2.482891798019409,184.885,0.1,gated
2025-10-18T10:24:15.921136,2025-10-18T10:26:15.921136,-2.5658767223358154,185.475,0.1,gated
2025-10-18T10:26:20.650048,2025-10-18T10:28:20.650048,-2.3057117462158203,185.463,0.1,gated
2025-10-18T10:28:25.036774,2025-10-18T10:30:25.036774,-2.3787362575531006,185.535,0.1,gated
2025-10-18T10:30:29.340336,2025-10-18T10:32:29.340336,-2.278393030166626,185.234,0.1,gated
2025-10-18T10:32:33.969090,2025-10-18T10:34:33.969090,-2.593092918395996,185.096,0.1,gated
2025-10-18T10:34:38.358138,2025-10-18T10:36:38.358138,-2.36967396736145,185.336,0.1,gated
2025-10-18T10:36:42.692678,2025-10-18T10:38:42.692678,-2.415419816970825,185.624,0.1,gated
2025-10-18T10:38:46.919482,2025-10-18T10:40:46.919482,-2.434910774230957,185.515,0.1,gated
2025-10-18T10:40:51.297860,2025-10-18T10:42:51.297860,-2.3890206813812256,185.345,0.1,gated
2025-10-18T10:42:55.611732,2025-10-18T10:44:55.611732,-2.498821258544922,185.162,0.1,gated
2025-10-18T10:45:00.006416,2025-10-18T10:47:00.006416,-2.4757649898529053,185.161,0.1,gated
2025-10-18T10:47:04.357834,2025-10-18T10:49:04.357834,-2.3805081844329834,185.227,0.1,gated
2025-10-18T10:49:08.614817,2025-10-18T10:51:08.614817,-2.692811965942383,185.403,0.1,gated
2025-10-18T10:51:12.945352,2025-10-18T10:53:12.945352,-2.6603434085845947,185.325,0.1,gated
2025-10-18T10:53:17.345307,2025-10-18T10:55:17.345307,-2.444667339324951,185.585,0.1,gated
2025-10-18T10:55:21.757053,2025-10-18T10:57:21.757053,-2.6035196781158447,185.59,0.1,gated
2025-10-18T10:57:26.233608,2025-10-18T10:59:26.233608,-2.539428472518921,186.013,0.1,gated
2025-10-18T10:59:30.562181,2025-10-18T11:01:30.562181,-2.677386999130249,185.965,0.1,gated
2025-10-18T11:01:34.974045,2025-10-18T11:03:34.974045,-2.607834815979004,185.951,0.1,gated
2025-10-18T11:03:39.411918,2025-10-18T11:05:39.411918,-2.7402939796447754,185.951,0.1,gated
2025-10-18T11:05:43.823110,2025-10-18T11:07:43.823110,-2.589639186859131,185.494,0.1,gated
2025-10-18T11:07:48.218843,2025-10-18T11:09:48.218843,-2.6756386756896973,185.648,0.1,gated
2025-10-18T11:09:52.542962,2025-10-18T11:11:52.542962,-2.7424910068511963,185.399,0.1,gated
2025-10-18T11:11:58.001269,2025-10-18T11:13:58.001269,-2.7599825859069824,185.48,0.1,gated
2025-10-18T11:14:02.362664,2025-10-18T11:16:02.362664,-2.827608108520508,185.624,0.1,gated
2025-10-18T11:16:06.693876,2025-10-18T11:18:06.693876,-2.6599984169006348,185.667,0.1,gated
2025-10-18T11:18:14.045467,2025-10-18T11:20:14.045467,-2.936068534851074,185.742,0.1,gated
2025-10-18T11:20:18.563001,2025-10-18T11:22:18.563001,-2.739896297454834,185.622,0.1,gated
2025-10-18T11:22:22.956489,2025-10-18T11:24:22.956489,-2.904092311859131,185.373,0.1,gated
2025-10-18T11:24:27.541298,2025-10-18T11:26:27.541298,-2.8742940425872803,185.473,0.1,gated
2025-10-18T11:26:31.955810,2025-10-18T11:28:31.955810,-3.026432991027832,185.473,0.1,gated
2025-10-18T11:28:36.530552,2025-10-18T11:30:36.530552,-3.0732719898223877,185.714,0.1,gated
2025-10-18T11:30:40.935244,2025-10-18T11:32:40.935244,-3.008315086364746,185.862,0.1,gated
2025-10-18T11:32:45.263495,2025-10-18T11:34:45.263495,-3.014446496963501,185.862,0.1,gated
2025-10-18T11:34:49.581665,2025-10-18T11:36:49.581665,-3.04733943939209,186.12,0.1,gated
2025-10-18T11:36:54.023463,2025-10-18T11:38:54.023463,-3.0034282207489014,185.989,0.1,gated
2025-10-18T11:38:58.416479,2025-10-18T11:40:58.416479,-3.0653398036956787,185.748,0.1,gated
2025-10-18T11:41:02.853379,2025-10-18T11:43:02.853379,-3.004241943359375,185.828,0.1,gated
2025-10-18T11:43:07.280268,2025-10-18T11:45:07.280268,-2.9732906818389893,185.828,0.1,gated
2025-10-18T11:45:11.603353,2025-10-18T11:47:11.603353,-3.0466883182525635,185.494,0.1,gated
2025-10-18T11:47:15.975984,2025-10-18T11:49:15.975984,-3.0830392837524414,185.464,0.1,gated
2025-10-18T11:49:20.325664,2025-10-18T11:51:20.325664,-3.019300699234009,185.675,0.1,gated
2025-10-18T11:51:24.656407,2025-10-18T11:53:24.656407,-3.0915393829345703,185.947,0.1,gated
2025-10-18T11:53:29.157286,2025-10-18T11:55:29.157286,-3.1519908905029297,185.894,0.1,gated
2025-10-18T11:55:33.574956,2025-10-18T11:57:33.574956,-3.1771838665008545,185.814,0.1,gated
2025-10-18T11:57:37.944591,2025-10-18T11:59:37.944591,-3.1004841327667236,185.664,0.1,gated
2025-10-18T11:59:42.263814,2025-10-18T12:01:42.263814,-3.2295279502868652,185.664,0.1,gated
2025-10-18T12:01:46.655239,2025-10-18T12:03:46.655239,-3.2412800788879395,185.975,0.1,gated
2025-10-18T12:03:51.049124,2025-10-18T12:05:51.049124,-3.1909618377685547,186.001,0.1,gated
2025-10-18T12:05:55.439577,2025-10-18T12:07:55.439577,-3.3023009300231934,185.839,0.1,gated
2025-10-18T12:07:59.915050,2025-10-18T12:09:59.915050,-3.1762256622314453,186.42,0.1,gated
2025-10-18T12:10:04.356351,2025-10-18T12:12:04.356351,-3.3490169048309326,186.12,0.1,gated
2025-10-18T12:12:09.001794,2025-10-18T12:14:09.001794,-3.351050853729248,186.023,0.1,gated
2025-10-18T12:14:13.530360,2025-10-18T12:16:13.530360,-3.29891037940979,186.077,0.1,gated
2025-10-18T12:16:17.854108,2025-10-18T12:18:17.854108,-3.460721969604492,186.159,0.1,gated
2025-10-18T12:18:22.342918,2025-10-18T12:20:22.342918,-3.4402453899383545,186.124,0.1,gated
2025-10-18T12:20:26.680944,2025-10-18T12:22:26.680944,-3.48246431350708,186.124,0.1,gated
2025-10-18T12:22:31.039627,2025-10-18T12:24:31.039627,-3.474094867706299,185.947,0.1,gated
2025-10-18T12:24:35.334077,2025-10-18T12:26:35.334077,-3.360579490661621,185.993,0.1,gated
2025-10-18T12:26:39.763490,2025-10-18T12:28:39.763490,-3.4574427604675293,185.978,0.1,gated
2025-10-18T12:28:44.075870,2025-10-18T12:30:44.075870,-3.603950023651123,185.979,0.1,gated
2025-10-18T12:30:48.476372,2025-10-18T12:32:48.476372,-3.6765971183776855,185.981,0.1,gated
2025-10-18T12:32:52.817711,2025-10-18T12:34:52.817711,-3.629460334777832,186.147,0.1,gated
2025-10-18T12:34:57.228458,2025-10-18T12:36:57.228458,-3.624713897705078,185.986,0.1,gated
2025-10-18T12:37:01.641801,2025-10-18T12:39:01.641801,-3.5489914417266846,186.029,0.1,gated
2025-10-18T12:39:06.069390,2025-10-18T12:41:06.069390,-3.5912857055664062,185.895,0.1,gated
2025-10-18T12:41:10.464409,2025-10-18T12:43:10.464409,-3.742917537689209,185.919,0.1,gated
2025-10-18T12:43:14.927265,2025-10-18T12:45:14.927265,-3.7412984371185303,185.98,0.1,gated
2025-10-18T12:45:19.263040,2025-10-18T12:47:19.263040,-3.578768014907837,186.22,0.1,gated
2025-10-18T12:47:23.854064,2025-10-18T12:49:23.854064,-3.726668357849121,186.342,0.1,gated
2025-10-18T12:49:28.177633,2025-10-18T12:51:28.177633,-3.7416741847991943,186.342,0.1,gated
2025-10-18T12:51:32.589559,2025-10-18T12:53:32.589559,-3.8211143016815186,186.159,0.1,gated
2025-10-18T12:53:37.036472,2025-10-18T12:55:37.036472,-3.7740960121154785,186.286,0.1,gated
2025-10-18T12:55:41.429820,2025-10-18T12:57:41.429820,-3.845944404602051,186.28,0.1,gated
2025-10-18T12:57:45.783461,2025-10-18T12:59:45.783461,-3.9117419719696045,186.391,0.1,gated
2025-10-18T12:59:50.141720,2025-10-18T13:01:50.141720,-3.9485881328582764,186.401,0.1,gated
2025-10-18T13:01:54.593818,2025-10-18T13:03:54.593818,-4.025563716888428,186.47,0.1,gated
2025-10-18T13:03:59.005842,2025-10-18T13:05:59.005842,-3.853278636932373,186.511,0.1,gated
2025-10-18T13:06:03.515905,2025-10-18T13:08:03.515905,-3.9801394939422607,186.895,0.1,gated
2025-10-18T13:08:07.941541,2025-10-18T13:10:07.941541,-4.020798206329346,186.992,0.1,gated
2025-10-18T13:10:12.335359,2025-10-18T13:12:12.335359,-4.025495529174805,186.696,0.1,gated
2025-10-18T13:12:16.898628,2025-10-18T13:14:16.898628,-4.051480770111084,186.665,0.1,gated
2025-10-18T13:14:21.383740,2025-10-18T13:16:21.383740,-4.025753021240234,186.617,0.1,gated
2025-10-18T13:16:25.918892,2025-10-18T13:18:25.918892,-4.193680763244629,186.916,0.1,gated
2025-10-18T13:18:30.372441,2025-10-18T13:20:30.372441,-4.100992679595947,186.895,0.1,gated
2025-10-18T13:20:34.756196,2025-10-18T13:22:34.756196,-4.1680908203125,187.054,0.1,gated
2025-10-18T13:22:39.119398,2025-10-18T13:24:39.119398,-4.149026870727539,187.117,0.1,gated
2025-10-18T13:24:43.678920,2025-10-18T13:26:43.678920,-4.226226806640625,187.305,0.1,gated
2025-10-18T13:26:48.100484,2025-10-18T13:28:48.100484,-4.341214179992676,187.36,0.1,gated
2025-10-18T13:28:52.694974,2025-10-18T13:30:52.694974,-4.2532830238342285,187.475,0.1,gated
2025-10-18T13:30:57.149525,2025-10-18T13:32:57.149525,-4.274391174316406,187.37,0.1,gated
2025-10-18T13:33:01.671852,2025-10-18T13:35:01.671852,-4.399845123291016,187.253,0.1,gated
2025-10-18T13:35:06.079591,2025-10-18T13:37:06.079591,-4.447373867034912,187.253,0.1,gated
2025-10-18T13:37:10.628255,2025-10-18T13:39:10.628255,-4.442039966583252,187.06,0.1,gated
2025-10-18T13:39:14.849344,2025-10-18T13:41:14.849344,-4.385814666748047,187.035,0.1,gated
2025-10-18T13:41:19.170144,2025-10-18T13:43:19.170144,-4.413040637969971,187.035,0.1,gated
2025-10-18T13:43:23.904192,2025-10-18T13:45:23.904192,-4.51378059387207,187.2,0.1,gated
2025-10-18T13:45:28.234989,2025-10-18T13:47:28.234989,-4.481422424316406,187.529,0.1,gated
2025-10-18T13:47:32.641269,2025-10-18T13:49:32.641269,-4.483860492706299,187.126,0.1,gated
2025-10-18T13:49:37.105891,2025-10-18T13:51:37.105891,-4.576571941375732,187.035,0.1,gated
2025-10-18T13:51:41.729725,2025-10-18T13:53:41.729725,-4.5511393547058105,186.82,0.1,gated
2025-10-18T13:55:18.282841,2025-10-18T13:57:18.282841,-4.630964756011963,186.915,0.1,gated
2025-10-18T13:59:48.001628,2025-10-18T14:01:48.001628,-0.5357678532600403,186.919,0.1,gated
2025-10-18T14:01:52.255908,2025-10-18T14:03:52.255908,-0.5651609301567078,186.947,0.1,gated
2025-10-18T14:03:57.006718,2025-10-18T14:05:57.006718,0.4736887514591217,186.916,-0.1,gated
2025-10-18T14:06:02.797895,2025-10-18T14:08:02.797895,-0.6529773473739624,186.33,0.1,gated
2025-10-18T14:08:08.533610,2025-10-18T14:10:08.533610,-0.8257162570953369,186.16,0.1,gated
2025-10-18T14:10:12.838318,2025-10-18T14:12:12.838318,0.2938459813594818,186.202,-0.1,gated
2025-10-18T14:12:18.032410,2025-10-18T14:14:18.032410,-0.5571249127388,186.047,0.1,gated
2025-10-18T14:14:22.585277,2025-10-18T14:16:22.585277,0.5475338697433472,186.082,-0.1,gated
2025-10-18T14:16:27.870611,2025-10-18T14:18:27.870611,0.35457804799079895,186.08,-0.1,gated
2025-10-18T14:18:32.944377,2025-10-18T14:20:32.944377,-1.573207139968872,186.377,0.1,gated
2025-10-18T14:20:37.379687,2025-10-18T14:22:37.379687,-1.0688927173614502,186.595,0.1,gated
2025-10-18T14:22:42.968873,2025-10-18T14:24:42.968873,-1.3078689575195312,186.615,0.1,gated
2025-10-18T14:24:48.538399,2025-10-18T14:26:48.538399,-0.28101617097854614,186.797,0.1,gated
2025-10-18T14:26:52.884968,2025-10-18T14:28:52.884968,-1.3165338039398193,186.89,0.1,gated
2025-10-18T14:28:57.308191,2025-10-18T14:30:57.308191,0.0282546766102314,186.996,-0.02768749805600164,gated
2025-10-18T14:31:01.564010,2025-10-18T14:33:01.564010,-0.5445711016654968,187.14,0.1,gated
2025-10-18T14:33:05.856660,2025-10-18T14:35:05.856660,-0.4214162230491638,186.88,0.1,gated
2025-10-18T14:35:10.220689,2025-10-18T14:37:10.220689,-1.855893611907959,187.194,0.1,gated
2025-10-18T14:37:14.689741,2025-10-18T14:39:14.689741,-1.7426031827926636,187.194,0.1,gated
2025-10-18T14:39:19.166375,2025-10-18T14:41:19.166375,-1.842158317565918,186.92,0.1,gated
2025-10-18T14:41:23.413051,2025-10-18T14:43:23.413051,-1.7984380722045898,186.92,0.1,gated
2025-10-18T14:43:27.777070,2025-10-18T14:45:27.777070,-1.8773552179336548,186.969,0.1,gated
2025-10-18T14:45:32.029026,2025-10-18T14:47:32.029026,-0.16827523708343506,186.969,0.1,gated
2025-10-18T14:47:36.458193,2025-10-18T14:49:36.458193,-1.6249018907546997,186.936,0.1,gated
2025-10-18T14:49:40.833602,2025-10-18T14:51:40.833602,-0.38030144572257996,187.03,0.1,gated
2025-10-18T14:51:45.012769,2025-10-18T14:53:45.012769,-0.49340999126434326,186.922,0.1,gated
2025-10-18T14:53:49.331328,2025-10-18T14:55:49.331328,-1.542226791381836,186.922,0.1,gated
2025-10-18T14:55:53.819480,2025-10-18T14:57:53.819480,-0.25401514768600464,187.15,0.1,gated
2025-10-18T14:57:58.118336,2025-10-18T14:59:58.118336,-1.7709378004074097,187.15,0.1,gated
2025-10-18T15:00:02.375897,2025-10-18T15:02:02.375897,-1.1093989610671997,187.313,0.1,gated
2025-10-18T15:02:06.716570,2025-10-18T15:04:06.716570,-1.198971152305603,187.114,0.1,gated
2025-10-18T15:04:11.060613,2025-10-18T15:06:11.060613,-1.1827764511108398,187.114,0.1,gated
2025-10-18T15:06:15.376016,2025-10-18T15:08:15.376016,-1.3932725191116333,187.243,0.1,gated
2025-10-18T15:08:19.692963,2025-10-18T15:10:19.692963,0.515727698802948,187.228,-0.1,gated
2025-10-18T15:10:24.793193,2025-10-18T15:12:24.793193,-1.2831873893737793,186.952,0.1,gated
2025-10-18T15:12:30.459032,2025-10-18T15:14:30.459032,-1.1684491634368896,187.064,0.1,gated
2025-10-18T15:14:34.854276,2025-10-18T15:16:34.854276,-1.3383408784866333,187.113,0.1,gated
2025-10-18T15:16:39.217146,2025-10-18T15:18:39.217146,-1.126940131187439,187.193,0.1,gated
2025-10-18T15:18:43.619842,2025-10-18T15:20:43.619842,0.3033636808395386,187.317,-0.1,gated
2025-10-18T15:20:48.829391,2025-10-18T15:22:48.829391,0.0931391790509224,187.553,-0.09187928272544206,gated
2025-10-18T15:22:53.941888,2025-10-18T15:24:53.941888,-1.2706351280212402,187.599,0.1,gated
2025-10-18T15:24:58.262539,2025-10-18T15:26:58.262539,-1.5418570041656494,187.692,0.1,gated
2025-10-18T15:27:02.609057,2025-10-18T15:29:02.609057,-0.018461138010025024,187.869,0.019969779379850065,normal
2025-10-18T15:29:06.861863,2025-10-18T15:31:06.861863,-0.07687701284885406,187.676,0.07592415026867254,gated
2025-10-18T15:31:11.141916,2025-10-18T15:33:11.141916,-0.7413678765296936,187.676,0.1,gated
2025-10-18T15:33:15.480445,2025-10-18T15:35:15.480445,-0.8689622282981873,187.676,0.1,gated
2025-10-18T15:35:19.717159,2025-10-18T15:37:19.717159,-2.0150957107543945,187.601,0.1,gated
2025-10-18T15:37:24.017078,2025-10-18T15:39:24.017078,-1.9361543655395508,187.633,0.1,gated
2025-10-18T15:39:28.289001,2025-10-18T15:41:28.289001,-2.014554738998413,187.453,0.1,gated
2025-10-18T15:41:32.549298,2025-10-18T15:43:32.549298,-0.6219101548194885,187.453,0.1,gated
2025-10-18T15:43:36.820379,2025-10-18T15:45:36.820379,-1.8921278715133667,187.313,0.1,gated
2025-10-18T15:45:41.197168,2025-10-18T15:47:41.197168,-2.0314249992370605,187.303,0.1,gated
2025-10-18T15:47:45.501245,2025-10-18T15:49:45.501245,-0.5891644954681396,187.278,0.1,gated
2025-10-18T15:49:49.767218,2025-10-18T15:51:49.767218,-0.7337925434112549,187.183,0.1,gated
2025-10-18T15:51:54.069457,2025-10-18T15:53:54.069457,-1.8269741535186768,187.185,0.1,gated
2025-10-18T15:53:58.536613,2025-10-18T15:55:58.536613,-1.7219390869140625,187.305,0.1,gated
2025-10-18T15:56:02.732083,2025-10-18T15:58:02.732083,-0.45305949449539185,187.305,0.1,gated
2025-10-18T15:58:07.016527,2025-10-18T16:00:07.016527,-1.9140788316726685,187.382,0.1,gated
2025-10-18T16:00:11.231398,2025-10-18T16:02:11.231398,-0.7110351324081421,187.157,0.1,gated
2025-10-18T16:02:15.579196,2025-10-18T16:04:15.579196,-0.5687897801399231,187.157,0.1,gated
2025-10-18T16:04:19.718434,2025-10-18T16:06:19.718434,-1.7785836458206177,187.34,0.1,gated
2025-10-18T16:06:24.168223,2025-10-18T16:08:24.168223,-1.6803516149520874,187.356,0.1,gated
2025-10-18T16:08:28.488752,2025-10-18T16:10:28.488752,-1.537102222442627,187.37,0.1,gated
2025-10-18T16:10:32.828942,2025-10-18T16:12:32.828942,-0.6515883803367615,187.146,0.1,gated
2025-10-18T16:12:37.001973,2025-10-18T16:14:37.001973,-1.5616884231567383,187.415,0.1,gated
2025-10-18T16:14:41.251310,2025-10-18T16:16:41.251310,-1.5347239971160889,187.431,0.1,gated
2025-10-18T16:16:45.479643,2025-10-18T16:18:45.479643,-0.6256808042526245,187.159,0.1,gated
2025-10-18T16:18:49.864005,2025-10-18T16:20:49.864005,-1.3240776062011719,187.073,0.1,gated
2025-10-18T16:20:54.074246,2025-10-18T16:22:54.074246,-1.5897852182388306,187.068,0.1,gated
2025-10-18T16:22:58.483526,2025-10-18T16:24:58.483526,-1.179492473602295,187.05,0.1,gated
2025-10-18T16:25:02.706102,2025-10-18T16:27:02.706102,-1.2494620084762573,187.05,0.1,gated
2025-10-18T16:27:07.240574,2025-10-18T16:29:07.240574,-1.2305667400360107,187.344,0.1,gated
2025-10-18T16:29:11.653147,2025-10-18T16:31:11.653147,-0.6076321005821228,187.402,0.1,gated
2025-10-18T16:31:16.044697,2025-10-18T16:33:16.044697,-0.5001885890960693,187.402,0.1,gated
2025-10-18T16:33:20.333019,2025-10-18T16:35:20.333019,-1.3362785577774048,187.52,0.1,gated
2025-10-18T16:35:25.747486,2025-10-18T16:37:25.747486,-1.4390301704406738,187.544,0.1,gated
2025-10-18T16:37:30.259271,2025-10-18T16:39:30.259271,-1.2838250398635864,187.544,0.1,gated
2025-10-18T16:39:34.623072,2025-10-18T16:41:34.623072,-1.0098191499710083,187.438,0.1,gated
2025-10-18T16:41:39.060256,2025-10-18T16:43:39.060256,-1.0959386825561523,187.438,0.1,gated
2025-10-18T16:43:43.333048,2025-10-18T16:45:43.333048,-1.2445966005325317,187.473,0.1,gated
2025-10-18T16:45:47.584553,2025-10-18T16:47:47.584553,-1.339746356010437,187.47,0.1,gated
2025-10-18T16:47:51.867076,2025-10-18T16:49:51.867076,-1.4037961959838867,187.47,0.1,gated
2025-10-18T16:49:56.419920,2025-10-18T16:51:56.419920,-1.3482184410095215,187.51,0.1,gated
2025-10-18T16:52:00.739352,2025-10-18T16:54:00.739352,-0.39446723461151123,187.652,0.1,gated
2025-10-18T16:54:05.006742,2025-10-18T16:56:05.006742,-0.6788682341575623,187.596,0.1,gated
2025-10-18T16:56:09.308232,2025-10-18T16:58:09.308232,-1.354923129081726,187.703,0.1,gated
2025-10-18T16:58:13.758619,2025-10-18T17:00:13.758619,-0.9594917297363281,187.598,0.1,gated
2025-10-18T17:00:18.239573,2025-10-18T17:02:18.239573,-1.3057132959365845,187.847,0.1,gated
2025-10-18T17:02:22.589249,2025-10-18T17:04:22.589249,-0.4460483193397522,187.723,0.1,gated
2025-10-18T17:04:27.058631,2025-10-18T17:06:27.058631,-1.0669052600860596,187.068,0.1,gated
2025-10-18T17:06:31.368558,2025-10-18T17:08:31.368558,-1.18354332447052,186.916,0.1,gated
2025-10-18T17:08:35.714788,2025-10-18T17:10:35.714788,-0.4665805697441101,186.974,0.1,gated
2025-10-18T17:10:40.002671,2025-10-18T17:12:40.002671,-0.5022343397140503,187.053,0.1,gated
2025-10-18T17:12:44.440917,2025-10-18T17:14:44.440917,-1.2322224378585815,186.829,0.1,gated
2025-10-18T17:14:48.895335,2025-10-18T17:16:48.895335,-1.1974999904632568,186.803,0.1,gated
2025-10-18T17:16:53.768162,2025-10-18T17:18:53.768162,-1.124625563621521,186.932,0.1,gated
2025-10-18T17:18:58.050459,2025-10-18T17:20:58.050459,-1.2245776653289795,186.861,0.1,gated
2025-10-18T17:21:02.538113,2025-10-18T17:23:02.538113,-1.2553833723068237,186.912,0.1,gated
2025-10-18T17:23:06.972140,2025-10-18T17:25:06.972140,-1.0394737720489502,186.99,0.1,gated
2025-10-18T17:25:14.239335,2025-10-18T17:27:14.239335,-0.7176936268806458,187.04,0.1,gated
2025-10-18T17:27:18.673838,2025-10-18T17:29:18.673838,-0.47099822759628296,186.544,0.1,gated
2025-10-18T17:29:22.906814,2025-10-18T17:31:22.906814,-0.6236832737922668,186.441,0.1,gated
2025-10-18T17:31:27.359941,2025-10-18T17:33:27.359941,-0.27147284150123596,186.263,0.1,gated
2025-10-18T17:33:34.838736,2025-10-18T17:35:34.838736,-1.6361454725265503,186.239,0.1,gated
2025-10-18T17:35:39.379196,2025-10-18T17:37:39.379196,-0.6485025882720947,186.173,0.1,gated
2025-10-18T17:37:43.594579,2025-10-18T17:39:43.594579,-1.402005672454834,186.159,0.1,gated
2025-10-18T17:39:48.025855,2025-10-18T17:41:48.025855,-0.4708477556705475,186.13,0.1,gated
2025-10-18T17:41:52.389435,2025-10-18T17:43:52.389435,-1.4973278045654297,185.795,0.1,gated
2025-10-18T17:43:57.951538,2025-10-18T17:45:57.951538,-1.6498193740844727,185.841,0.1,gated
2025-10-18T17:46:02.500586,2025-10-18T17:48:02.500586,-1.649590015411377,185.809,0.1,gated
2025-10-18T17:48:06.877411,2025-10-18T17:50:06.877411,-1.2383440732955933,185.473,0.1,gated
2025-10-18T17:50:11.281740,2025-10-18T17:52:11.281740,-1.8022565841674805,185.573,0.1,gated
2025-10-18T17:52:15.510812,2025-10-18T17:54:15.510812,-1.406882643699646,185.707,0.1,gated
2025-10-18T17:54:19.796227,2025-10-18T17:56:19.796227,-0.6831396818161011,185.683,0.1,gated
2025-10-18T17:56:24.225181,2025-10-18T17:58:24.225181,-1.5926152467727661,185.683,0.1,gated
2025-10-18T17:58:28.639926,2025-10-18T18:00:28.639926,-1.0481197834014893,185.819,0.1,gated
2025-10-18T18:00:32.868749,2025-10-18T18:02:32.868749,-1.811775803565979,185.57,0.1,gated
2025-10-18T18:02:37.162644,2025-10-18T18:04:37.162644,-1.668246865272522,185.386,0.1,gated
2025-10-18T18:04:42.396664,2025-10-18T18:06:42.396664,-1.8464884757995605,185.376,0.1,gated
2025-10-18T18:06:46.786504,2025-10-18T18:08:46.786504,-2.136991024017334,185.042,0.1,gated
2025-10-18T18:08:51.103362,2025-10-18T18:10:51.103362,-0.9691011309623718,185.0,0.1,gated
2025-10-18T18:10:55.510880,2025-10-18T18:12:55.510880,-2.2102608680725098,185.0,0.1,gated
2025-10-18T18:12:59.813727,2025-10-18T18:14:59.813727,-1.14505934715271,185.288,0.1,gated
2025-10-18T18:15:04.071945,2025-10-18T18:17:04.071945,-0.8538969159126282,185.301,0.1,gated
2025-10-18T18:17:08.456976,2025-10-18T18:19:08.456976,-1.8146376609802246,185.467,0.1,gated
2025-10-18T18:19:12.790154,2025-10-18T18:21:12.790154,-2.040804386138916,185.627,0.1,gated
2025-10-18T18:21:17.020271,2025-10-18T18:23:17.020271,-0.9595115780830383,185.735,0.1,gated
2025-10-18T18:23:21.294158,2025-10-18T18:25:21.294158,-2.1849212646484375,185.747,0.1,gated
2025-10-18T18:25:25.581531,2025-10-18T18:27:25.581531,-2.042508840560913,185.519,0.1,gated
2025-10-18T18:27:29.892410,2025-10-18T18:29:29.892410,-2.0836753845214844,185.547,0.1,gated
2025-10-18T18:29:34.477535,2025-10-18T18:31:34.477535,-0.9633586406707764,185.537,0.1,gated
2025-10-18T18:31:38.794150,2025-10-18T18:33:38.794150,-2.1586008071899414,185.292,0.1,gated
2025-10-18T18:33:46.034727,2025-10-18T18:35:46.034727,-0.9420117735862732,185.291,0.1,gated
2025-10-18T18:35:50.330217,2025-10-18T18:37:50.330217,-2.1919474601745605,185.327,0.1,gated
2025-10-18T18:37:54.539199,2025-10-18T18:39:54.539199,-1.291351079940796,185.195,0.1,gated
2025-10-18T18:39:58.743464,2025-10-18T18:41:58.743464,-2.36706805229187,185.247,0.1,gated
2025-10-18T18:42:02.936660,2025-10-18T18:44:02.936660,-2.121701717376709,185.247,0.1,gated
2025-10-18T18:44:07.267401,2025-10-18T18:46:07.267401,-2.2983336448669434,185.247,0.1,gated
2025-10-18T18:46:11.539399,2025-10-18T18:48:11.539399,-2.3257412910461426,185.397,0.1,gated
2025-10-18T18:48:16.078488,2025-10-18T18:50:16.078488,-2.426630973815918,185.513,0.1,gated
2025-10-18T18:50:20.309127,2025-10-18T18:52:20.309127,-2.7106165885925293,185.513,0.1,gated
2025-10-18T18:52:24.715006,2025-10-18T18:54:24.715006,-2.2165915966033936,185.746,0.1,gated
2025-10-18T18:54:29.038587,2025-10-18T18:56:29.038587,-1.3407646417617798,185.865,0.1,gated
2025-10-18T18:56:33.423868,2025-10-18T18:58:33.423868,-2.68900728225708,185.744,0.1,gated
2025-10-18T18:58:37.725714,2025-10-18T19:00:37.725714,-1.660361886024475,185.853,0.1,gated
2025-10-18T19:00:42.023151,2025-10-18T19:02:42.023151,-2.673781156539917,185.585,0.1,gated
2025-10-18T19:02:46.399820,2025-10-18T19:04:46.399820,-2.68646240234375,185.774,0.1,gated
2025-10-18T19:04:51.072866,2025-10-18T19:06:51.072866,-2.797037363052368,185.724,0.1,gated
2025-10-18T19:06:55.259886,2025-10-18T19:08:55.259886,-2.7570278644561768,185.613,0.1,gated
2025-10-18T19:08:59.612223,2025-10-18T19:10:59.612223,-2.9502720832824707,185.613,0.1,gated
2025-10-18T19:11:04.030625,2025-10-18T19:13:04.030625,-2.8719491958618164,185.613,0.1,gated
2025-10-18T19:13:08.311285,2025-10-18T19:15:08.311285,-2.913402795791626,185.477,0.1,gated
2025-10-18T19:15:12.580589,2025-10-18T19:17:12.580589,-2.006443500518799,185.392,0.1,gated
2025-10-18T19:17:16.868977,2025-10-18T19:19:16.868977,-2.906310796737671,185.533,0.1,gated
2025-10-18T19:19:21.131037,2025-10-18T19:21:21.131037,-3.278365135192871,185.511,0.1,gated
2025-10-18T19:21:25.575544,2025-10-18T19:23:25.575544,-1.9159449338912964,185.966,0.1,gated
2025-10-18T19:23:29.970181,2025-10-18T19:25:29.970181,-3.005786657333374,185.872,0.1,gated
2025-10-18T19:25:34.162239,2025-10-18T19:27:34.162239,-2.889639377593994,185.756,0.1,gated
2025-10-18T19:27:38.431317,2025-10-18T19:29:38.431317,-3.0299336910247803,185.656,0.1,gated
2025-10-18T19:29:42.741145,2025-10-18T19:31:42.741145,-3.1723616123199463,185.697,0.1,gated
2025-10-18T19:31:47.070341,2025-10-18T19:33:47.070341,-3.1487491130828857,185.815,0.1,gated
2025-10-18T19:33:51.344941,2025-10-18T19:35:51.344941,-3.2112340927124023,185.68,0.1,gated
2025-10-18T19:35:55.554995,2025-10-18T19:37:55.554995,-2.813408613204956,185.68,0.1,gated
2025-10-18T19:37:59.804382,2025-10-18T19:39:59.804382,-3.4826512336730957,185.81,0.1,gated
2025-10-18T19:40:04.063844,2025-10-18T19:42:04.063844,-3.633481025695801,185.696,0.1,gated
2025-10-18T19:42:08.384940,2025-10-18T19:44:08.384940,-3.625397205352783,185.576,0.1,gated
2025-10-18T19:44:12.681459,2025-10-18T19:46:12.681459,-3.7625818252563477,185.586,0.1,gated
2025-10-18T19:46:16.950491,2025-10-18T19:48:16.950491,-3.8630824089050293,185.494,0.1,gated
2025-10-18T19:48:21.240187,2025-10-18T19:50:21.240187,-3.901540756225586,185.648,0.1,gated
2025-10-18T19:50:25.497740,2025-10-18T19:52:25.497740,-2.4583089351654053,185.723,0.1,gated
2025-10-19T01:36:47.208997,2025-10-19T01:38:47.208997,-3.74465012550354,184.477,0.1,gated
2025-10-19T02:05:48.221637,2025-10-19T02:07:48.221637,0.10941903293132782,183.582,-0.1,gated
2025-10-19T02:16:54.247309,2025-10-19T02:18:54.247309,-0.44690677523612976,184.114,0.1,gated
2025-10-19T02:18:58.601337,2025-10-19T02:20:58.601337,-0.41981303691864014,184.355,0.1,gated
2025-10-19T02:21:03.150848,2025-10-19T02:23:03.150848,-0.31743869185447693,184.123,0.1,gated
2025-10-19T02:23:07.527299,2025-10-19T02:25:07.527299,-0.2800484597682953,183.915,0.1,gated
2025-10-19T02:31:50.771618,2025-10-19T02:33:50.771618,-0.3981149196624756,183.794,0.1,gated
2025-10-19T02:33:55.015881,2025-10-19T02:35:55.015881,-0.18222326040267944,183.827,0.1,gated
2025-10-19T02:35:59.412586,2025-10-19T02:37:59.412586,-0.21044816076755524,183.827,0.1,gated
2025-10-19T02:38:03.725832,2025-10-19T02:40:03.725832,-0.027590155601501465,184.141,0.029298283352049533,gated
2025-10-19T02:40:08.462075,2025-10-19T02:42:08.462075,-0.2639145851135254,186.084,0.1,gated
2025-10-19T02:42:13.978118,2025-10-19T02:44:13.978118,0.6329930424690247,186.01,-0.1,gated
2025-10-19T02:44:19.690279,2025-10-19T02:46:19.690279,-0.10089945793151855,186.042,0.1,gated
2025-10-19T02:46:23.983727,2025-10-19T02:48:23.983727,0.4401596784591675,186.393,-0.1,gated
2025-10-19T02:48:29.590674,2025-10-19T02:50:29.590674,0.40607237815856934,187.634,-0.1,gated
2025-10-19T02:50:34.379805,2025-10-19T02:52:34.379805,-0.027402363717556,187.834,0.02495407778325079,gated
2025-10-19T02:52:39.242999,2025-10-19T02:54:39.242999,0.3174296021461487,187.588,-0.1,gated
2025-10-19T02:54:43.738142,2025-10-19T02:56:43.738142,0.34657084941864014,187.69,-0.1,gated
2025-10-19T02:56:48.218469,2025-10-19T02:58:48.218469,0.18250343203544617,187.504,-0.1,gated
2025-10-19T02:58:52.712479,2025-10-19T03:00:52.712479,-0.13939227163791656,187.771,0.1,gated
2025-10-19T03:00:57.150011,2025-10-19T03:02:57.150011,-0.3521310091018677,188.074,0.1,gated
2025-10-19T03:03:01.733835,2025-10-19T03:05:01.733835,-0.3376045227050781,186.857,0.1,gated
2025-10-19T03:05:06.354231,2025-10-19T03:07:06.354231,-0.38068175315856934,186.857,0.1,gated
2025-10-19T03:07:10.714320,2025-10-19T03:09:10.714320,-0.4505985975265503,187.313,0.1,gated
2025-10-19T03:09:15.168820,2025-10-19T03:11:15.168820,-0.4154167175292969,187.313,0.1,gated
2025-10-19T03:11:19.739078,2025-10-19T03:13:19.739078,-0.33759045600891113,187.198,0.1,gated
2025-10-19T03:13:24.250872,2025-10-19T03:15:24.250872,-0.14049112796783447,187.257,0.1,gated
2025-10-19T03:15:28.607743,2025-10-19T03:17:28.607743,-0.41973578929901123,187.297,0.1,gated
2025-10-19T03:17:33.077043,2025-10-19T03:19:33.077043,-0.34658166766166687,187.386,0.1,gated
2025-10-19T03:19:37.446010,2025-10-19T03:21:37.446010,-0.31111398339271545,188.032,0.1,gated
2025-10-19T03:23:38.754581,2025-10-19T03:25:38.754581,-0.13349220156669617,189.227,0.1,gated
2025-10-19T03:25:42.998772,2025-10-19T03:27:42.998772,-0.4190092384815216,189.717,0.1,gated
2025-10-19T03:27:48.071231,2025-10-19T03:29:48.071231,0.0813278779387474,189.334,-0.08334667435656974,gated
2025-10-19T03:29:52.912188,2025-10-19T03:31:52.912188,0.02884722873568535,189.157,-0.029855953411942825,gated
2025-10-19T03:31:57.970943,2025-10-19T03:33:57.970943,-0.04054376482963562,188.69,0.03807491620124756,gated
2025-10-19T03:34:02.433899,2025-10-19T03:36:02.433899,-0.21671165525913239,188.737,0.1,gated
2025-10-19T03:36:07.292490,2025-10-19T03:38:07.292490,0.23764565587043762,188.737,-0.1,gated
2025-10-19T03:38:11.853893,2025-10-19T03:40:11.853893,-0.0940915048122406,188.737,0.0940915048122406,gated
2025-10-19T03:40:16.266807,2025-10-19T03:42:16.266807,-0.08457992970943451,189.0,0.08597340316720908,gated
2025-10-19T03:42:20.784044,2025-10-19T03:44:20.784044,0.12396454066038132,189.0,-0.1,gated
2025-10-19T03:44:25.325067,2025-10-19T03:46:25.325067,-0.26725146174430847,189.081,0.1,gated
2025-10-19T03:46:29.877151,2025-10-19T03:48:29.877151,-0.16539058089256287,188.784,0.1,gated
2025-10-19T03:48:34.395997,2025-10-19T03:50:34.395997,-0.18603451550006866,188.784,0.1,gated
2025-10-19T03:50:38.907573,2025-10-19T03:52:38.907573,-0.28663432598114014,188.752,0.1,gated
2025-10-19T03:52:43.220657,2025-10-19T03:54:43.220657,0.09657102823257446,188.752,-0.09657102823257446,gated
2025-10-19T03:54:47.511644,2025-10-19T03:56:47.511644,-0.1472947597503662,188.752,0.1,gated
2025-10-19T03:57:16.350146,2025-10-19T03:59:16.350146,0.14096301794052124,188.577,-0.1,gated
2025-10-19T03:59:20.479325,2025-10-19T04:01:20.479325,0.0859818160533905,189.613,-0.08048803897559204,gated
2025-10-19T04:01:24.836980,2025-10-19T04:03:24.836980,-0.3586137294769287,189.399,0.1,gated
2025-10-19T04:04:22.955243,2025-10-19T04:06:22.955243,-0.45463746786117554,189.515,0.1,gated
2025-10-19T04:06:27.174933,2025-10-19T04:08:27.174933,-0.3462098240852356,189.727,0.1,gated
2025-10-19T04:08:31.608414,2025-10-19T04:10:31.608414,-0.4483487010002136,190.0,0.1,gated
2025-10-19T04:10:36.117552,2025-10-19T04:12:36.117552,-0.21131041646003723,189.744,0.1,gated
2025-10-19T04:12:40.852183,2025-10-19T04:14:40.852183,-0.107535220682621,189.745,0.1,gated
2025-10-19T04:14:45.111451,2025-10-19T04:16:45.111451,-0.1494675725698471,189.777,0.1,gated
2025-10-19T04:16:49.631039,2025-10-19T04:18:49.631039,-0.37379908561706543,189.881,0.1,gated
2025-10-19T04:18:53.928367,2025-10-19T04:20:53.928367,-0.09044476598501205,189.599,0.0889596252916304,gated
2025-10-19T04:26:26.995722,2025-10-19T04:28:26.995722,-0.02826067805290222,188.918,0.027028857972648878,gated
2025-10-19T04:30:10.910938,2025-10-19T04:32:10.910938,0.07208520919084549,189.099,0.1,gated
2025-10-19T04:36:59.139041,2025-10-19T04:38:59.139041,0.12481385469436646,189.099,0.1,gated
2025-10-19T04:39:24.851096,2025-10-19T04:41:24.851096,0.4309405982494354,189.344,0.1,gated
2025-10-19T04:48:19.824812,2025-10-19T04:50:19.824812,-0.3387511968612671,188.638,0.1,gated
2025-10-19T04:50:25.281912,2025-10-19T04:52:25.281912,-0.5222142934799194,188.804,-0.1,gated
2025-10-19T04:52:30.790866,2025-10-19T04:54:30.790866,-0.5534926652908325,188.804,0.1,gated
2025-10-19T04:54:35.255275,2025-10-19T04:56:35.255275,0.2602177858352661,188.926,0.1,gated
2025-10-19T04:58:46.999074,2025-10-19T05:00:46.999074,-0.4349639415740967,189.151,-0.1,gated
2025-10-19T05:05:48.055123,2025-10-19T05:07:48.055123,0.19707858562469482,189.345,0.1,gated
2025-10-19T05:31:00.319872,2025-10-19T05:33:00.319872,0.12654228508472443,188.794,0.1,gated
2025-10-19T05:33:05.360141,2025-10-19T05:35:05.360141,-0.051823925226926804,188.794,0.1,gated
2025-10-19T05:35:09.853262,2025-10-19T05:37:09.853262,-0.22079536318778992,188.794,0.1,gated
2025-10-19T05:37:14.389757,2025-10-19T05:39:14.389757,-0.12541162967681885,189.087,-0.1,gated
2025-10-19T05:39:18.676990,2025-10-19T05:41:18.676990,0.08535868674516678,189.151,0.1,gated
2025-10-19T05:41:23.073054,2025-10-19T05:43:23.073054,-0.3002801239490509,189.019,0.1,gated
2025-10-19T05:43:27.443835,2025-10-19T05:45:27.443835,-0.4808681309223175,188.508,0.1,gated
2025-10-19T05:45:31.822753,2025-10-19T05:47:31.822753,-0.4493478834629059,188.508,0.1,gated
2025-10-19T05:47:36.260896,2025-10-19T05:49:36.260896,0.1442762315273285,188.597,0.1,gated
2025-10-19T05:49:41.392747,2025-10-19T05:51:41.392747,-0.5015645623207092,188.978,-0.1,gated
2025-10-19T05:51:45.727538,2025-10-19T05:53:45.727538,-0.2049350142478943,188.724,0.1,gated
2025-10-19T05:53:50.026188,2025-10-19T05:55:50.026188,0.1081128790974617,188.804,0.1,gated
2025-10-19T05:55:55.366579,2025-10-19T05:57:55.366579,-0.0004758201539516449,188.894,-0.1,normal
2025-10-19T05:57:59.628326,2025-10-19T05:59:59.628326,-0.0709930807352066,188.959,-0.1,gated
2025-10-19T06:00:03.895743,2025-10-19T06:02:03.895743,-0.08831806480884552,189.038,-0.1,gated
2025-10-19T06:02:08.262665,2025-10-19T06:04:08.262665,-0.37139496207237244,189.039,-0.1,gated
2025-10-19T06:04:12.630850,2025-10-19T06:06:12.630850,-0.23450647294521332,189.039,0.1,gated
2025-10-19T06:06:16.940343,2025-10-19T06:08:16.940343,-0.11927253007888794,188.618,0.1,gated
2025-10-19T06:08:21.383764,2025-10-19T06:10:21.383764,-0.4191189706325531,188.618,0.1,gated
2025-10-19T06:10:25.660807,2025-10-19T06:12:25.660807,-0.43734273314476013,188.559,0.1,gated
2025-10-19T06:12:30.172797,2025-10-19T06:14:30.172797,-0.47727933526039124,188.609,-0.1,gated
2025-10-19T06:14:34.563060,2025-10-19T06:16:34.563060,-0.6426689028739929,188.707,-0.1,gated
2025-10-19T06:16:39.038305,2025-10-19T06:18:39.038305,-0.44386717677116394,188.789,-0.1,gated
2025-10-19T06:18:43.565916,2025-10-19T06:20:43.565916,-0.3450014293193817,188.579,0.1,gated
2025-10-19T06:20:48.116962,2025-10-19T06:22:48.116962,-0.3234904408454895,188.493,0.1,gated
2025-10-19T06:22:52.529166,2025-10-19T06:24:52.529166,-0.289532333612442,188.759,-0.1,gated
2025-10-19T06:24:56.977078,2025-10-19T06:26:56.977078,-0.31510451436042786,188.757,0.1,gated
2025-10-19T06:27:01.408198,2025-10-19T06:29:01.408198,-0.4139900803565979,188.714,0.1,gated
2025-10-19T06:29:05.698063,2025-10-19T06:31:05.698063,-0.2947864532470703,189.151,-0.1,gated
2025-10-19T06:51:22.013334,2025-10-19T06:53:22.013334,-0.08938261866569519,190.555,-0.1,gated
2025-10-19T06:53:26.277841,2025-10-19T06:55:26.277841,-0.5583490133285522,190.48,0.1,gated
2025-10-19T06:55:30.812312,2025-10-19T06:57:30.812312,-0.7418384552001953,191.149,-0.1,gated
2025-10-19T06:57:35.145960,2025-10-19T06:59:35.145960,-0.29198452830314636,190.94,0.1,gated
2025-10-19T06:59:40.601889,2025-10-19T07:01:40.601889,-0.6888239979743958,190.894,0.1,gated
2025-10-19T07:01:45.015298,2025-10-19T07:03:45.015298,-0.4155331254005432,190.55,0.1,gated
2025-10-19T07:03:49.539410,2025-10-19T07:05:49.539410,-0.8073067665100098,190.203,0.1,gated
2025-10-19T07:05:54.230731,2025-10-19T07:07:54.230731,-0.4405409097671509,190.493,-0.1,gated
2025-10-19T07:07:58.587538,2025-10-19T07:09:58.587538,-0.30857983231544495,190.695,-0.1,gated
2025-10-19T07:10:02.976972,2025-10-19T07:12:02.976972,-0.12721818685531616,191.774,-0.1,gated
2025-10-19T10:22:35.748323,2025-10-19T10:24:35.748323,-0.1422039419412613,191.697,-0.1,gated
2025-10-19T10:24:40.136544,2025-10-19T10:26:40.136544,-0.3549337387084961,191.428,0.1,gated
2025-10-19T10:26:44.534079,2025-10-19T10:28:44.534079,-0.3317137062549591,191.309,0.1,gated
2025-10-19T10:28:48.836784,2025-10-19T10:30:48.836784,-0.4508129954338074,191.179,0.1,gated
2025-10-19T10:30:53.709447,2025-10-19T10:32:53.709447,-0.45322707295417786,191.348,-0.1,gated
2025-10-19T10:32:58.141099,2025-10-19T10:34:58.141099,-0.3574366569519043,191.44,-0.1,gated
2025-10-19T10:35:02.687741,2025-10-19T10:37:02.687741,-0.584540069103241,191.362,0.1,gated
2025-10-19T10:37:06.959561,2025-10-19T10:39:06.959561,-0.45998483896255493,191.25,0.1,gated
2025-10-19T10:45:35.597164,2025-10-19T10:47:35.597164,-0.5155141949653625,191.008,0.1,gated
2025-10-19T10:51:41.410432,2025-10-19T10:53:41.410432,-0.4488247334957123,190.176,-0.1,gated
2025-10-19T10:53:45.070052,2025-10-19T10:55:45.070052,-0.0436425618827343,190.178,0.1,gated
2025-10-19T10:55:48.984195,2025-10-19T10:57:48.984195,-0.4831165373325348,190.028,0.1,gated
2025-10-19T10:57:52.877808,2025-10-19T10:59:52.877808,-0.23456797003746033,190.238,-0.1,gated
2025-10-19T10:59:57.042339,2025-10-19T11:01:57.042339,-0.43588384985923767,190.394,-0.1,gated
2025-10-19T11:02:01.000017,2025-10-19T11:04:01.000017,-0.5100050568580627,190.187,0.1,gated
2025-10-19T11:04:05.093576,2025-10-19T11:06:05.093576,-0.25720563530921936,190.18,0.1,gated
2025-10-19T11:06:09.145027,2025-10-19T11:08:09.145027,-0.27653011679649353,190.183,-0.1,gated
2025-10-19T11:08:13.283368,2025-10-19T11:10:13.283368,-0.08091571927070618,189.4,0.1,gated
2025-10-19T11:11:03.782775,2025-10-19T11:13:03.782775,0.014303933829069138,189.512,0.1,normal
2025-10-19T11:13:07.545879,2025-10-19T11:15:07.545879,-0.2925039827823639,189.672,-0.1,gated
2025-10-19T11:19:11.985195,2025-10-19T11:21:11.985195,-0.3927347958087921,189.466,0.1,gated
2025-10-19T11:21:15.822130,2025-10-19T11:23:15.822130,0.1469181329011917,189.537,0.1,gated
2025-10-19T11:23:20.575511,2025-10-19T11:25:20.575511,0.36358320713043213,189.917,0.1,gated
2025-10-19T11:25:27.846075,2025-10-19T11:27:27.846075,0.26048579812049866,189.91,-0.1,gated
2025-10-19T11:27:32.802444,2025-10-19T11:29:32.802444,0.32601019740104675,189.851,-0.1,gated
2025-10-19T11:29:37.634690,2025-10-19T11:31:37.634690,0.36890584230422974,189.961,0.1,gated
2025-10-19T11:31:42.249458,2025-10-19T11:33:42.249458,0.4309963285923004,189.613,-0.1,gated
2025-10-19T11:33:46.954590,2025-10-19T11:35:46.954590,-0.44476789236068726,189.663,-0.1,gated
2025-10-19T12:42:39.742165,2025-10-19T12:44:39.742165,0.5409063696861267,188.969,-0.1,gated
2025-10-19T12:44:44.494441,2025-10-19T12:46:44.494441,0.47319290041923523,188.69,-0.1,gated
2025-10-19T12:46:50.457776,2025-10-19T12:48:50.457776,-0.5345200300216675,188.418,0.1,gated
2025-10-19T12:48:56.431912,2025-10-19T12:50:56.431912,0.18396157026290894,188.587,0.1,gated
2025-10-19T12:51:01.561873,2025-10-19T12:53:01.561873,-0.02600288763642311,188.755,-0.1,gated
2025-10-19T12:53:07.087208,2025-10-19T12:55:07.087208,-0.1160934716463089,188.825,-0.1,gated
2025-10-19T12:55:12.582968,2025-10-19T12:57:12.582968,-1.008542537689209,188.825,-0.008542537689209,gated
2025-10-19T12:57:16.737310,2025-10-19T12:59:16.737310,-1.2634761333465576,188.799,-0.1,gated
2025-10-19T12:59:20.883780,2025-10-19T13:01:20.883780,-0.14665915071964264,189.058,-0.1,gated
2025-10-19T13:01:24.947183,2025-10-19T13:03:24.947183,-0.4336497187614441,188.804,0.1,gated
2025-10-19T13:03:29.006228,2025-10-19T13:05:29.006228,-0.34061673283576965,189.08,-0.1,gated
2025-10-19T13:05:33.208958,2025-10-19T13:07:33.208958,-0.4801591634750366,189.189,-0.1,gated
2025-10-19T13:07:37.403551,2025-10-19T13:09:37.403551,-0.6777474880218506,189.112,0.1,gated
2025-10-19T13:09:41.519983,2025-10-19T13:11:41.519983,-0.5103171467781067,189.125,-0.1,gated
2025-10-19T13:11:45.737746,2025-10-19T13:13:45.737746,-1.4493803977966309,189.125,-0.1,gated
2025-10-19T13:13:49.955334,2025-10-19T13:15:49.955334,-0.6343449950218201,188.998,0.1,gated
2025-10-19T13:15:54.104417,2025-10-19T13:17:54.104417,-1.399526834487915,188.979,-0.1,gated
2025-10-19T13:17:58.264164,2025-10-19T13:19:58.264164,-0.7250965237617493,188.846,0.1,gated
2025-10-19T13:20:02.511235,2025-10-19T13:22:02.511235,-0.9260697364807129,188.898,-0.07365490687948535,gated
2025-10-19T13:22:06.746958,2025-10-19T13:24:06.746958,-1.5458555221557617,188.898,-0.1,gated
2025-10-19T13:24:10.942477,2025-10-19T13:26:10.942477,-1.6881905794143677,189.039,0.1,gated
2025-10-19T13:26:15.363139,2025-10-19T13:28:15.363139,-1.2175264358520508,189.039,-0.1,gated
2025-10-19T13:28:19.492580,2025-10-19T13:30:19.492580,-0.9995186924934387,189.466,0.0017774856525222755,gated
2025-10-19T13:30:23.599383,2025-10-19T13:32:23.599383,-1.6685290336608887,189.434,-0.1,gated
2025-10-19T13:32:28.014863,2025-10-19T13:34:28.014863,-0.9160568118095398,189.524,-0.08346808868350791,gated
2025-10-19T13:34:32.129700,2025-10-19T13:36:32.129700,-0.8181716203689575,189.428,0.1,gated
2025-10-19T13:36:36.483640,2025-10-19T13:38:36.483640,-1.0983400344848633,189.543,0.09894712530565009,gated
2025-10-19T13:38:40.701139,2025-10-19T13:40:40.701139,-1.2893712520599365,189.613,0.1,gated
2025-10-19T13:40:44.811023,2025-10-19T13:42:44.811023,-1.0232876539230347,189.545,-0.022929028723285737,gated
2025-10-19T13:42:48.911208,2025-10-19T13:44:48.911208,-1.2082103490829468,189.652,0.1,gated
2025-10-19T13:44:53.057662,2025-10-19T13:46:53.057662,-1.0811313390731812,189.745,0.08162171091212832,gated
2025-10-19T13:46:57.367067,2025-10-19T13:48:57.367067,-1.7018051147460938,189.704,-0.1,gated
2025-10-19T13:49:01.452468,2025-10-19T13:51:01.452468,-1.0817407369613647,189.545,-0.08090258910997516,gated
2025-10-19T13:51:05.550040,2025-10-19T13:53:05.550040,-1.0587100982666016,189.545,-0.0587100982666016,gated
2025-10-19T13:53:09.693045,2025-10-19T13:55:09.693045,-1.0518361330032349,189.609,0.052173783693044706,gated
2025-10-19T13:55:13.757906,2025-10-19T13:57:13.757906,-0.9035723805427551,189.767,-0.09559432567899598,gated
2025-10-19T13:57:17.880550,2025-10-19T13:59:17.880550,-1.0096173286437988,189.849,0.010049437493071856,gated
2025-10-19T13:59:22.004476,2025-10-19T14:01:22.004476,-0.9289764165878296,189.916,-0.07067067136101396,gated
2025-10-19T14:01:26.058355,2025-10-19T14:03:26.058355,-1.5291993618011475,189.677,-0.1,gated
2025-10-19T14:03:30.175050,2025-10-19T14:05:30.175050,-1.0132465362548828,189.547,-0.012561160589936601,gated
2025-10-19T14:05:34.239453,2025-10-19T14:07:34.239453,-1.3035573959350586,189.345,-0.1,gated
2025-10-19T14:07:38.316921,2025-10-19T14:09:38.316921,-1.6718637943267822,189.2,-0.1,gated
2025-10-19T14:09:42.415786,2025-10-19T14:11:42.415786,-1.4070310592651367,189.478,0.1,gated
2025-10-19T14:11:46.514112,2025-10-19T14:13:46.514112,-1.3131805658340454,189.151,-0.1,gated
2025-10-19T14:13:51.102541,2025-10-19T14:15:51.102541,-1.3988291025161743,189.095,-0.1,gated
2025-10-19T14:15:55.313041,2025-10-19T14:17:55.313041,-1.3095341920852661,189.01,-0.1,gated
2025-10-19T14:17:59.577605,2025-10-19T14:19:59.577605,-1.5316849946975708,189.053,0.1,gated
2025-10-19T14:20:03.655465,2025-10-19T14:22:03.655465,-1.490850567817688,188.69,-0.1,gated
2025-10-19T14:22:07.664811,2025-10-19T14:24:07.664811,-1.774066686630249,188.731,-0.1,gated
2025-10-19T14:24:11.875471,2025-10-19T14:26:11.875471,-1.7168231010437012,188.668,-0.1,gated
2025-10-19T14:26:16.067640,2025-10-19T14:28:16.067640,-1.878182053565979,188.657,-0.1,gated
2025-10-19T14:28:20.084728,2025-10-19T14:30:20.084728,-1.5966320037841797,188.48,-0.1,gated
2025-10-19T14:30:24.256122,2025-10-19T14:32:24.256122,-1.8857409954071045,188.549,0.1,gated
2025-10-19T14:32:28.399329,2025-10-19T14:34:28.399329,-2.0021440982818604,188.605,0.1,gated
2025-10-19T14:34:32.539031,2025-10-19T14:36:32.539031,-1.9876365661621094,188.67,0.1,gated
2025-10-19T14:36:36.560449,2025-10-19T14:38:36.560449,-2.1412971019744873,188.954,0.1,gated
2025-10-19T14:38:40.682849,2025-10-19T14:40:40.682849,-1.9169490337371826,189.08,0.1,gated
2025-10-19T14:40:44.667798,2025-10-19T14:42:44.667798,-2.157883644104004,189.23,0.1,gated
2025-10-19T14:42:48.644546,2025-10-19T14:44:48.644546,-2.0017335414886475,189.351,0.1,gated
2025-10-19T14:44:52.752860,2025-10-19T14:46:52.752860,-1.904807448387146,189.351,-0.1,gated
2025-10-19T14:46:56.883731,2025-10-19T14:48:56.883731,-1.893913745880127,189.2,-0.1,gated
2025-10-19T14:49:01.000744,2025-10-19T14:51:01.000744,-1.845451831817627,189.202,0.1,gated
2025-10-19T14:51:05.143682,2025-10-19T14:53:05.143682,-1.9549616575241089,189.202,-0.1,gated
2025-10-19T14:57:13.633723,2025-10-19T14:59:13.633723,-1.6741212606430054,189.183,0.1,gated
2025-10-19T14:59:17.770023,2025-10-19T15:01:17.770023,-1.7749357223510742,189.478,0.1,gated
2025-10-19T15:01:54.849031,2025-10-19T15:03:54.849031,-1.2958862781524658,189.035,-0.1,gated
2025-10-19T15:05:30.198246,2025-10-19T15:07:30.198246,-1.473030924797058,189.23,-0.1,gated
2025-10-19T15:07:34.079657,2025-10-19T15:09:34.079657,-1.359119176864624,189.507,0.1,gated
2025-10-19T15:11:38.037980,2025-10-19T15:13:38.037980,-1.876165747642517,189.31,-0.1,gated
2025-10-19T15:23:04.915046,2025-10-19T15:25:04.915046,-1.7844676971435547,189.507,0.1,gated
2025-10-19T15:25:08.836270,2025-10-19T15:27:08.836270,-1.8303630352020264,189.591,0.1,gated
2025-10-19T15:27:12.728049,2025-10-19T15:29:12.728049,-1.9341228008270264,189.773,0.1,gated
2025-10-19T15:29:16.946797,2025-10-19T15:31:16.946797,-1.6941800117492676,189.953,0.1,gated
2025-10-19T15:31:21.109927,2025-10-19T15:33:21.109927,-1.5930054187774658,189.673,-0.1,gated
2025-10-19T15:33:25.252871,2025-10-19T15:35:25.252871,-1.1908246278762817,189.802,0.1,gated
2025-10-19T15:35:29.755179,2025-10-19T15:37:29.755179,-1.165812611579895,189.945,0.1,gated
2025-10-19T15:37:34.179682,2025-10-19T15:39:34.179682,-1.2322856187820435,189.995,0.1,gated
2025-10-19T15:39:38.290300,2025-10-19T15:41:38.290300,-1.137402892112732,189.903,-0.1,gated
2025-10-19T15:41:42.337064,2025-10-19T15:43:42.337064,-1.1187885999679565,189.903,-0.1,gated
2025-10-19T15:43:46.582977,2025-10-19T15:45:46.582977,-1.0557891130447388,189.811,-0.055304655189939246,gated
2025-10-19T15:45:50.628376,2025-10-19T15:47:50.628376,-1.3518911600112915,190.007,0.1,gated
2025-10-19T15:47:54.723682,2025-10-19T15:49:54.723682,-1.3494586944580078,190.101,0.1,gated
2025-10-19T15:49:58.991903,2025-10-19T15:51:58.991903,-1.5524842739105225,189.977,-0.1,gated
2025-10-19T15:52:03.222496,2025-10-19T15:54:03.222496,-0.8261959552764893,190.071,-0.1,gated
2025-10-19T15:54:07.285917,2025-10-19T15:56:07.285917,-1.3211348056793213,189.93,-0.1,gated
2025-10-19T15:56:11.506835,2025-10-19T15:58:11.506835,-0.9016785621643066,189.82,0.09890059857912518,gated
2025-10-19T15:58:15.624146,2025-10-19T16:00:15.624146,-0.8422888517379761,189.82,0.1,gated
2025-10-19T16:00:19.771048,2025-10-19T16:02:19.771048,-1.3222591876983643,189.151,-0.1,gated
2025-10-19T16:02:24.137944,2025-10-19T16:04:24.137944,-0.784247636795044,189.15,0.1,gated
2025-10-19T16:04:28.394843,2025-10-19T16:06:28.394843,-0.8486986756324768,189.086,0.1,gated
2025-10-19T16:06:32.457513,2025-10-19T16:08:32.457513,-0.9330044984817505,188.848,0.06825418804184194,gated
2025-10-19T16:08:36.553301,2025-10-19T16:10:36.553301,-0.7840006947517395,189.111,-0.1,gated
2025-10-19T16:10:40.724021,2025-10-19T16:12:40.724021,-0.7853938937187195,188.965,0.1,gated
2025-10-19T16:12:45.179790,2025-10-19T16:14:45.179790,-1.0269780158996582,188.915,-0.026713416635244156,gated
2025-10-19T16:14:49.276920,2025-10-19T16:16:49.276920,-1.2800896167755127,189.001,0.1,gated
2025-10-19T16:16:53.459548,2025-10-19T16:18:53.459548,-1.1562318801879883,188.865,-0.1,gated
2025-10-19T16:18:57.645737,2025-10-19T16:20:57.645737,-0.9296019673347473,188.687,0.07134050480143463,gated
2025-10-19T16:21:01.774785,2025-10-19T16:23:01.774785,-0.7752431631088257,188.7,-0.1,gated
2025-10-19T16:23:05.885304,2025-10-19T16:25:05.885304,-1.1139580011367798,188.678,-0.1,gated
2025-10-19T16:25:10.091163,2025-10-19T16:27:10.091163,-0.8470422029495239,188.649,0.1,gated
2025-10-19T16:27:14.187089,2025-10-19T16:29:14.187089,-0.5921354293823242,188.629,0.1,gated
2025-10-19T16:29:18.391591,2025-10-19T16:31:18.391591,-0.8067556023597717,188.63,-0.1,gated
2025-10-19T16:31:22.461037,2025-10-19T16:33:22.461037,-1.1721231937408447,187.495,-0.1,gated
2025-10-19T16:33:26.460301,2025-10-19T16:35:26.460301,-0.7031918168067932,187.483,0.1,gated
2025-10-19T16:35:30.645793,2025-10-19T16:37:30.645793,-0.9478771090507507,187.5,-0.0520322160613928,gated
2025-10-19T16:37:34.831381,2025-10-19T16:39:34.831381,-0.8029338121414185,187.525,-0.1,gated
2025-10-19T16:39:39.991926,2025-10-19T16:41:39.991926,-0.9863401055335999,187.382,0.014470414158829206,gated
2025-10-19T16:41:44.233790,2025-10-19T16:43:44.233790,-0.605125904083252,187.265,0.1,gated
2025-10-19T16:43:49.567911,2025-10-19T16:45:49.567911,-0.9141715168952942,187.138,0.08650666642780408,gated
2025-10-19T16:45:53.840530,2025-10-19T16:47:53.840530,-0.9570778608322144,187.405,-0.0415595957534121,gated
2025-10-19T16:47:58.017442,2025-10-19T16:49:58.017442,-1.082541823387146,187.465,0.08286198560266853,gated
2025-10-19T16:50:02.579525,2025-10-19T16:52:02.579525,-0.7990427613258362,187.538,-0.1,gated
2025-10-19T16:52:06.736437,2025-10-19T16:54:06.736437,-0.8594678640365601,187.771,-0.1,gated
2025-10-19T16:54:11.091178,2025-10-19T16:56:11.091178,-0.7866268157958984,187.699,-0.1,gated
2025-10-19T16:56:15.274278,2025-10-19T16:58:15.274278,-0.9675801396369934,187.745,-0.03217478713406025,gated
2025-10-19T16:58:19.524739,2025-10-19T17:00:19.524739,-0.9452929496765137,187.86,-0.05409451736655003,gated
2025-10-19T17:00:23.707208,2025-10-19T17:02:23.707208,-0.939035177230835,187.68,0.061922983101327246,gated
2025-10-19T17:05:09.652894,2025-10-19T17:07:09.652894,-0.8966209292411804,187.265,0.1,gated
2025-10-19T17:07:15.647740,2025-10-19T17:09:15.647740,-0.9023929238319397,187.0,0.09902218310208427,gated
2025-10-19T17:09:20.944803,2025-10-19T17:11:20.944803,-0.5529018640518188,187.147,-0.1,gated
2025-10-19T17:11:25.301792,2025-10-19T17:13:25.301792,-0.4657609462738037,186.876,0.1,gated
2025-10-19T17:13:29.581766,2025-10-19T17:15:29.581766,-0.5844919681549072,186.295,0.1,gated
2025-10-19T17:15:33.768118,2025-10-19T17:17:33.768118,-0.478086918592453,186.577,-0.1,gated
2025-10-19T17:17:38.987923,2025-10-19T17:19:38.987923,-0.37477484345436096,186.273,0.1,gated
2025-10-19T17:19:43.314357,2025-10-19T17:21:43.314357,-0.5763593912124634,185.107,0.1,gated
2025-10-19T17:21:47.671018,2025-10-19T17:23:47.671018,-0.37158888578414917,185.087,0.1,gated
2025-10-19T17:23:52.253987,2025-10-19T17:25:52.253987,-0.17054343223571777,185.0,0.1,gated
2025-10-19T17:25:58.179397,2025-10-19T17:27:58.179397,-0.03624352067708969,184.697,0.1,gated
2025-10-19T17:28:05.178779,2025-10-19T17:30:05.178779,-0.011915791779756546,184.084,0.1,normal
2025-10-19T17:30:09.474170,2025-10-19T17:32:09.474170,-0.008792176842689514,184.05,0.1,normal
2025-10-19T17:32:14.112920,2025-10-19T17:34:14.112920,0.019574828445911407,184.608,0.1,normal
2025-10-19T17:34:18.326870,2025-10-19T17:36:18.326870,0.46713221073150635,184.77,0.1,gated
2025-10-19T17:36:23.463314,2025-10-19T17:38:23.463314,0.35483765602111816,184.506,-0.1,gated
2025-10-19T17:38:31.166778,2025-10-19T17:40:31.166778,0.4878973364830017,185.207,0.1,gated
2025-10-19T17:40:36.351119,2025-10-19T17:42:36.351119,0.5215206742286682,185.076,-0.1,gated
2025-10-19T17:42:41.477228,2025-10-19T17:44:41.477228,0.5037100911140442,185.02,-0.1,gated
2025-10-19T17:44:46.573606,2025-10-19T17:46:46.573606,0.21485669910907745,184.911,-0.1,gated
2025-10-19T17:46:51.541051,2025-10-19T17:48:51.541051,0.014403965324163437,185.387,0.1,normal
2025-10-19T17:48:55.926901,2025-10-19T17:50:55.926901,-0.23599684238433838,185.022,0.1,gated
2025-10-19T17:50:59.959466,2025-10-19T17:52:59.959466,-0.1993873417377472,185.194,-0.1,gated
2025-10-19T17:53:04.179613,2025-10-19T17:55:04.179613,-0.16612458229064941,185.432,-0.1,gated
2025-10-19T17:55:09.164478,2025-10-19T17:57:09.164478,0.10846877098083496,185.644,0.1,gated
2025-10-19T17:57:14.039787,2025-10-19T17:59:14.039787,-0.4687533676624298,185.771,-0.1,gated
2025-10-19T17:59:19.595477,2025-10-19T18:01:19.595477,-0.5164976119995117,186.06,-0.1,gated
2025-10-19T18:01:23.888505,2025-10-19T18:03:23.888505,0.13236093521118164,185.602,-0.1,gated
2025-10-19T18:03:28.191517,2025-10-19T18:05:28.191517,-0.6013967990875244,185.387,0.1,gated
2025-10-19T18:05:32.315940,2025-10-19T18:07:32.315940,0.04431886970996857,185.137,-0.1,gated
