timestamp,avg_entry_price,market_price,percent_gain,bollinger_signal,rsi,forecast,note
2025-07-28T00:30:29.916265,186.9045457788331,190.91,2.143048048658278,breakout,29.82,0.38293784856796265,SELL favorable — cost basis gain meets threshold
2025-07-28T02:28:18.825853,186.9141563415852,190.675,2.0120699962082487,breakout,68.49806984468982,0.3196778893470764,SELL favorable — cost basis gain meets threshold
2025-07-28T02:34:08.244710,186.9141563415852,191.096,2.2373070827083295,breakout,68.49806984468982,0.32094576954841614,SELL favorable — cost basis gain meets threshold
2025-07-28T02:38:08.487411,186.9141563415852,191.241,2.3148828013366303,breakout,68.49806984468982,0.3200184404850006,SELL favorable — cost basis gain meets threshold
2025-07-28T02:42:40.101427,186.9141563415852,190.998,2.184876597014716,breakout,68.49806984468982,0.3205408751964569,SELL favorable — cost basis gain meets threshold
2025-07-28T02:46:22.737869,186.9141563415852,191.7,2.5604500761668754,breakout,68.49806984468982,0.32103583216667175,SELL favorable — cost basis gain meets threshold
2025-07-28T02:51:55.168066,186.9141563415852,191.257,2.3234428806335408,breakout,68.49806984468982,0.32006657123565674,SELL favorable — cost basis gain meets threshold
2025-07-28T03:00:44.157888,186.9141563415852,192.031,2.7375367166218205,breakout,68.49806984468982,0.31960687041282654,SELL favorable — cost basis gain meets threshold
2025-07-28T03:05:46.134307,186.9141563415852,192.182,2.8183224649864496,breakout,68.49806984468982,0.32171010971069336,SELL favorable — cost basis gain meets threshold
2025-07-28T03:09:48.708527,186.9141563415852,192.089,2.768567004073135,breakout,68.49806984468982,0.32171010971069336,SELL favorable — cost basis gain meets threshold
2025-07-28T03:15:09.303738,186.9141563415852,191.451,2.427233842108633,breakout,68.49806984468982,0.31918641924858093,SELL favorable — cost basis gain meets threshold
2025-07-28T03:20:31.924909,186.9141563415852,191.833,2.6316057353224895,breakout,68.49806984468982,0.32113203406333923,SELL favorable — cost basis gain meets threshold
2025-07-28T03:25:19.636829,186.9141563415852,191.71,2.565800125727458,breakout,68.49806984468982,0.31984564661979675,SELL favorable — cost basis gain meets threshold
2025-07-28T03:29:40.077518,186.9141563415852,191.904,2.6695910872025506,breakout,68.49806984468982,0.31984564661979675,SELL favorable — cost basis gain meets threshold
2025-07-28T03:35:12.295081,186.9141563415852,192.441,2.9568887486052744,breakout,68.49806984468982,0.32104554772377014,SELL favorable — cost basis gain meets threshold
2025-07-28T03:39:08.324118,186.9141563415852,192.733,3.1131101957739804,breakout,68.49806984468982,0.32104554772377014,SELL favorable — cost basis gain meets threshold
2025-07-28T03:43:57.938508,186.9141563415852,193.024,3.2687966379866262,breakout,68.49806984468982,0.3214009702205658,SELL favorable — cost basis gain meets threshold
2025-07-28T03:47:46.900983,186.9141563415852,193.265,3.397732832396406,breakout,68.49806984468982,0.3212485611438751,SELL favorable — cost basis gain meets threshold
2025-07-28T03:51:40.543742,186.9141563415852,193.373,3.4555133676505867,breakout,68.49806984468982,0.32166779041290283,SELL favorable — cost basis gain meets threshold
2025-07-28T03:56:30.459528,186.9141563415852,193.321,3.427693109935616,breakout,68.49806984468982,0.32099178433418274,SELL favorable — cost basis gain meets threshold
2025-07-28T04:00:34.934910,186.9141563415852,193.493,3.519713962377454,breakout,68.49806984468982,0.32037749886512756,SELL favorable — cost basis gain meets threshold
2025-07-28T04:06:22.810444,186.9141563415852,193.691,3.6256449436767855,breakout,68.49806984468982,0.3211858868598938,SELL favorable — cost basis gain meets threshold
2025-07-28T04:10:55.585859,186.9141563415852,193.703,3.632065003149472,breakout,68.49806984468982,0.3208045959472656,SELL favorable — cost basis gain meets threshold
2025-07-28T04:14:30.042636,186.9141563415852,193.041,3.277891722239597,breakout,68.49806984468982,0.3208045959472656,SELL favorable — cost basis gain meets threshold
2025-07-28T04:18:46.946542,186.9141563415852,192.632,3.0590746952122028,breakout,68.49806984468982,0.3200056552886963,SELL favorable — cost basis gain meets threshold
2025-07-28T04:24:18.801565,186.9141563415852,192.88,3.191755924314385,breakout,68.49806984468982,0.32030871510505676,SELL favorable — cost basis gain meets threshold
2025-07-28T04:28:53.245379,186.9141563415852,193.101,3.30999201960303,breakout,68.49806984468982,0.3208569288253784,SELL favorable — cost basis gain meets threshold
2025-07-28T04:32:29.590401,186.9141563415852,192.811,3.1548405823464445,breakout,68.49806984468982,0.32088035345077515,SELL favorable — cost basis gain meets threshold
2025-07-28T04:36:03.097214,186.9141563415852,192.675,3.082079908322666,breakout,68.49806984468982,0.320166677236557,SELL favorable — cost basis gain meets threshold
2025-07-28T04:41:48.639004,186.9141563415852,192.879,3.191220919358326,breakout,68.49806984468982,0.3212786912918091,SELL favorable — cost basis gain meets threshold
2025-07-28T04:45:21.804804,186.9141563415852,193.141,3.3313922178453144,breakout,68.49806984468982,0.3207363188266754,SELL favorable — cost basis gain meets threshold
2025-07-28T04:49:52.943637,186.9141563415852,192.973,3.2415113852277155,breakout,68.49806984468982,0.3207363188266754,SELL favorable — cost basis gain meets threshold
2025-07-28T04:55:23.995244,186.9141563415852,192.893,3.1987109887431315,breakout,68.49806984468982,0.3211561143398285,SELL favorable — cost basis gain meets threshold
2025-07-28T05:01:25.426071,186.9141563415852,192.979,3.244721414964059,breakout,68.49806984468982,0.3208320140838623,SELL favorable — cost basis gain meets threshold
2025-07-28T05:05:13.793959,186.9141563415852,193.351,3.4437432586173324,breakout,68.49806984468982,0.32126930356025696,SELL favorable — cost basis gain meets threshold
2025-07-28T05:09:04.528581,186.9141563415852,192.893,3.1987109887431315,breakout,68.49806984468982,0.32126930356025696,SELL favorable — cost basis gain meets threshold
2025-07-28T05:15:18.398431,186.9141563415852,193.132,3.326577173240807,breakout,68.49806984468982,0.32085204124450684,SELL favorable — cost basis gain meets threshold
2025-07-28T05:20:47.980614,186.9141563415852,193.55,3.5502092448727236,breakout,68.49806984468982,0.32172486186027527,SELL favorable — cost basis gain meets threshold
2025-07-28T05:25:06.548455,186.9141563415852,193.501,3.523994002025917,breakout,68.49806984468982,0.32125043869018555,SELL favorable — cost basis gain meets threshold
2025-07-28T05:30:07.997073,186.9141563415852,193.287,3.409502941429675,breakout,68.49806984468982,0.32042720913887024,SELL favorable — cost basis gain meets threshold
2025-07-28T05:35:23.490352,186.9141563415852,193.232,3.380077668846525,breakout,68.49806984468982,0.3203951120376587,SELL favorable — cost basis gain meets threshold
2025-07-28T05:39:11.646485,186.9141563415852,193.511,3.529344051586484,breakout,68.49806984468982,0.3203951120376587,SELL favorable — cost basis gain meets threshold
2025-07-28T05:44:13.638631,186.9141563415852,193.849,3.710175726733817,breakout,68.49806984468982,0.32121744751930237,SELL favorable — cost basis gain meets threshold
2025-07-28T05:50:21.116043,186.9141563415852,193.845,3.7080357069095933,breakout,68.49806984468982,0.320720374584198,SELL favorable — cost basis gain meets threshold
2025-07-28T05:54:41.773017,186.9141563415852,195.067,4.361811763211507,breakout,68.49806984468982,0.320720374584198,SELL favorable — cost basis gain meets threshold
2025-07-28T05:59:29.123959,186.9141563415852,194.356,3.981423239454825,breakout,68.49806984468982,0.3237331807613373,SELL favorable — cost basis gain meets threshold
2025-07-28T06:04:17.301514,186.9141563415852,194.161,3.8770972730236726,breakout,68.49806984468982,0.32102063298225403,SELL favorable — cost basis gain meets threshold
2025-07-28T06:07:51.512302,186.9141563415852,194.311,3.957348016432257,breakout,68.49806984468982,0.32106196880340576,SELL favorable — cost basis gain meets threshold
2025-07-28T06:12:38.658271,186.9141563415852,194.193,3.894217431617509,breakout,68.49806984468982,0.32117128372192383,SELL favorable — cost basis gain meets threshold
2025-07-28T06:16:26.988303,186.9141563415852,194.284,3.942902882618704,breakout,68.49806984468982,0.32138821482658386,SELL favorable — cost basis gain meets threshold
2025-07-28T06:20:16.029634,186.9141563415852,193.925,3.750836103394177,breakout,68.49806984468982,0.3210945427417755,SELL favorable — cost basis gain meets threshold
2025-07-28T06:24:48.959701,186.9141563415852,193.901,3.737995984448803,breakout,68.49806984468982,0.3210945427417755,SELL favorable — cost basis gain meets threshold
2025-07-28T06:28:23.204723,186.9141563415852,193.82,3.6946605830081602,breakout,68.49806984468982,0.3207745850086212,SELL favorable — cost basis gain meets threshold
2025-07-28T06:32:55.455434,186.9141563415852,193.755,3.659885260864443,breakout,68.49806984468982,0.3209194242954254,SELL favorable — cost basis gain meets threshold
2025-07-28T06:37:28.506248,186.9141563415852,193.878,3.725690870459474,breakout,68.49806984468982,0.3212781250476837,SELL favorable — cost basis gain meets threshold
2025-07-28T06:41:32.861390,186.9141563415852,193.838,3.7042906722171898,breakout,68.49806984468982,0.32085898518562317,SELL favorable — cost basis gain meets threshold
2025-07-28T06:45:39.704797,186.9141563415852,193.84,3.7053606821293097,breakout,68.49806984468982,0.32112184166908264,SELL favorable — cost basis gain meets threshold
2025-07-28T06:49:57.632505,186.9141563415852,194.069,3.8278768170664024,breakout,68.49806984468982,0.32112184166908264,SELL favorable — cost basis gain meets threshold
2025-07-28T06:55:14.846985,186.9141563415852,194.145,3.868537193726762,breakout,68.49806984468982,0.3215011656284332,SELL favorable — cost basis gain meets threshold
2025-07-28T07:02:31.507742,186.9141563415852,194.072,3.8294818319345816,breakout,68.49806984468982,0.32101529836654663,SELL favorable — cost basis gain meets threshold
2025-07-28T07:06:35.652182,186.9141563415852,192.977,3.2436514050519385,breakout,68.49806984468982,0.3200927674770355,SELL favorable — cost basis gain meets threshold
2025-07-28T07:11:23.368570,186.9141563415852,192.602,3.0430245465304857,breakout,68.49806984468982,0.3193495571613312,SELL favorable — cost basis gain meets threshold
2025-07-28T07:15:26.655614,186.9141563415852,192.314,2.888943119186004,breakout,68.49806984468982,0.32002466917037964,SELL favorable — cost basis gain meets threshold
2025-07-28T07:19:15.063809,186.9141563415852,191.807,2.6176956064649963,breakout,68.49806984468982,0.32002466917037964,SELL favorable — cost basis gain meets threshold
2025-07-28T07:24:16.801841,186.9141563415852,192.591,3.037139492013859,breakout,68.49806984468982,0.32064199447631836,SELL favorable — cost basis gain meets threshold
2025-07-28T07:28:19.586845,186.9141563415852,192.789,3.1430704733131747,breakout,68.49806984468982,0.3217458128929138,SELL favorable — cost basis gain meets threshold
2025-07-28T07:32:53.173550,186.9141563415852,192.374,2.9210434165494377,breakout,68.49806984468982,0.32073405385017395,SELL favorable — cost basis gain meets threshold
2025-07-28T07:36:28.242671,186.9141563415852,192.344,2.904993267867721,breakout,68.49806984468982,0.31960204243659973,SELL favorable — cost basis gain meets threshold
2025-07-28T07:41:44.580620,186.9141563415852,192.173,2.813507420381942,breakout,68.49806984468982,0.3203100562095642,SELL favorable — cost basis gain meets threshold
2025-07-28T07:45:18.952608,186.9141563415852,192.173,2.813507420381942,breakout,68.49806984468982,0.32009920477867126,SELL favorable — cost basis gain meets threshold
2025-07-28T07:49:08.313482,186.9141563415852,192.101,2.774987063545822,breakout,68.49806984468982,0.32009920477867126,SELL favorable — cost basis gain meets threshold
2025-07-28T07:54:39.984858,186.9141563415852,192.051,2.7482368157429553,breakout,68.49806984468982,0.31998610496520996,SELL favorable — cost basis gain meets threshold
2025-07-28T07:58:13.466723,186.9141563415852,192.051,2.7482368157429553,breakout,68.49806984468982,0.32007402181625366,SELL favorable — cost basis gain meets threshold
2025-07-28T08:01:47.050423,186.9141563415852,192.051,2.7482368157429553,breakout,68.49806984468982,0.32003456354141235,SELL favorable — cost basis gain meets threshold
2025-07-28T08:06:04.715357,186.9141563415852,192.669,3.0788698785863224,breakout,68.49806984468982,0.32015863060951233,SELL favorable — cost basis gain meets threshold
2025-07-28T08:10:08.287050,186.9141563415852,192.47,2.9724038923309317,breakout,68.49806984468982,0.3213157057762146,SELL favorable — cost basis gain meets threshold
2025-07-28T08:14:10.525630,186.9141563415852,192.47,2.9724038923309317,breakout,68.49806984468982,0.3213157057762146,SELL favorable — cost basis gain meets threshold
2025-07-28T08:18:13.877361,186.9141563415852,191.858,2.644980859223923,breakout,68.49806984468982,0.31968286633491516,SELL favorable — cost basis gain meets threshold
2025-07-28T08:23:15.758882,186.9141563415852,191.858,2.644980859223923,breakout,68.49806984468982,0.3197454512119293,SELL favorable — cost basis gain meets threshold
2025-07-28T08:27:04.149800,186.9141563415852,192.172,2.812972415425883,breakout,68.49806984468982,0.31993240118026733,SELL favorable — cost basis gain meets threshold
2025-07-28T13:40:29.201499,186.9141563415852,191.124,2.252287221477927,none,68.49806984468982,0.32483139634132385,SELL favorable — cost basis gain meets threshold
2025-08-04T14:04:24.806283,164.07015845652523,166.672,1.585810343545313,breakdown,56.84407679100983,0.03292299807071686,SELL favorable — cost basis gain meets threshold
2025-08-04T14:08:45.093608,164.07015845652523,166.763,1.6412744211424108,breakdown,56.84407679100983,0.029862746596336365,SELL favorable — cost basis gain meets threshold
2025-08-04T14:16:08.040158,164.07015845652523,166.578,1.5285177798735945,breakdown,56.84407679100983,0.034159690141677856,SELL favorable — cost basis gain meets threshold
2025-08-04T14:23:30.194731,164.07015845652523,166.257,1.3328697698882472,breakdown,56.84407679100983,0.03383001685142517,SELL favorable — cost basis gain meets threshold
2025-08-04T14:28:15.879098,164.07015845652523,166.468,1.4614732904705072,breakdown,56.84407679100983,0.03436313569545746,SELL favorable — cost basis gain meets threshold
2025-08-04T14:34:28.799061,164.07015845652523,166.899,1.7241657898589422,breakdown,56.84407679100983,0.03296360373497009,SELL favorable — cost basis gain meets threshold
2025-08-04T15:35:19.898886,164.07015845652523,166.001,1.176838958186536,breakdown,56.84407679100983,0.03444577753543854,SELL favorable — cost basis gain meets threshold
2025-08-04T15:56:46.026702,164.07015845652523,165.556,0.905613523783175,breakdown,56.84407679100983,0.03227989375591278,SELL favorable — cost basis gain meets threshold
2025-08-04T16:03:44.434873,164.07015845652523,165.724,1.0080087439624095,breakdown,56.84407679100983,0.03503568470478058,SELL favorable — cost basis gain meets threshold
2025-08-04T16:09:03.749209,164.07015845652523,166.213,1.3060519741270087,breakdown,56.84407679100983,0.035319507122039795,SELL favorable — cost basis gain meets threshold
2025-08-04T16:13:51.268059,164.07015845652523,166.206,1.301785506619537,breakdown,56.84407679100983,0.03267642855644226,SELL favorable — cost basis gain meets threshold
2025-08-04T16:18:24.241123,164.07015845652523,166.286,1.3505451352763294,breakdown,56.84407679100983,0.03490199148654938,SELL favorable — cost basis gain meets threshold
2025-08-04T16:22:56.189514,164.07015845652523,167.47,2.0721876393967418,breakdown,56.84407679100983,0.033593565225601196,SELL favorable — cost basis gain meets threshold
2025-08-04T16:27:31.233276,164.07015845652523,167.591,2.1459365777401347,breakdown,56.84407679100983,0.028964057564735413,SELL favorable — cost basis gain meets threshold
2025-08-04T16:32:18.364277,164.07015845652523,167.441,2.0545122740086597,breakdown,56.84407679100983,0.03282053768634796,SELL favorable — cost basis gain meets threshold
2025-08-04T16:42:27.625313,164.07015845652523,168.045,2.4226474703673753,breakdown,56.84407679100983,0.0344729870557785,SELL favorable — cost basis gain meets threshold
2025-08-04T16:51:36.814870,164.07015845652523,167.593,2.1471555684565424,breakdown,56.84407679100983,0.035443708300590515,SELL favorable — cost basis gain meets threshold
2025-08-04T16:58:17.954133,164.07015845652523,168.177,2.503100857651073,breakdown,56.84407679100983,0.03387285768985748,SELL favorable — cost basis gain meets threshold
2025-08-04T17:03:53.272614,164.07015845652523,168.289,2.5713643377705684,breakdown,56.84407679100983,0.03491164743900299,SELL favorable — cost basis gain meets threshold
2025-08-04T17:08:24.040620,164.07015845652523,169.162,3.1034537854877433,breakdown,56.84407679100983,0.032289788126945496,SELL favorable — cost basis gain meets threshold
2025-08-04T17:13:13.379095,164.07015845652523,169.573,3.353956377711976,breakdown,56.84407679100983,0.0305873304605484,SELL favorable — cost basis gain meets threshold
2025-08-04T17:17:46.477354,164.07015845652523,169.691,3.4258768299807305,breakdown,56.84407679100983,0.03357207775115967,SELL favorable — cost basis gain meets threshold
2025-08-04T17:23:40.645969,164.07015845652523,169.257,3.161355844517675,breakdown,56.84407679100983,0.0340239554643631,SELL favorable — cost basis gain meets threshold
2025-08-04T17:28:29.192032,164.07015845652523,169.133,3.085778420099661,breakdown,56.84407679100983,0.03416922688484192,SELL favorable — cost basis gain meets threshold
2025-08-04T17:34:21.059738,164.07015845652523,168.333,2.598182133531807,breakdown,56.84407679100983,0.03475101292133331,SELL favorable — cost basis gain meets threshold
2025-08-04T17:38:55.499537,164.07015845652523,168.25,2.547594018800394,breakdown,56.84407679100983,0.03171581029891968,SELL favorable — cost basis gain meets threshold
2025-08-04T17:43:44.078771,164.07015845652523,168.304,2.580506768143725,breakdown,56.84407679100983,0.03547818958759308,SELL favorable — cost basis gain meets threshold
2025-08-04T17:49:05.716442,164.07015845652523,168.028,2.412286049277811,breakdown,56.84407679100983,0.03449155390262604,SELL favorable — cost basis gain meets threshold
2025-08-04T17:53:54.065588,164.07015845652523,167.895,2.331223166635918,breakdown,56.84407679100983,0.03532780706882477,SELL favorable — cost basis gain meets threshold
2025-08-04T17:58:25.121380,164.07015845652523,167.726,2.2282184510984533,breakdown,56.84407679100983,0.03413321077823639,SELL favorable — cost basis gain meets threshold
2025-08-04T18:02:57.260671,164.07015845652523,167.858,2.308671838382151,breakdown,56.84407679100983,0.0351170152425766,SELL favorable — cost basis gain meets threshold
2025-08-04T18:07:30.223960,164.07015845652523,167.904,2.3367086248597975,breakdown,56.84407679100983,0.035982489585876465,SELL favorable — cost basis gain meets threshold
2025-08-04T18:12:52.307673,164.07015845652523,167.568,2.1319181845013113,breakdown,56.84407679100983,0.033862560987472534,SELL favorable — cost basis gain meets threshold
2025-08-04T18:17:24.552613,164.07015845652523,167.465,2.069140162605696,breakdown,56.84407679100983,0.0345035195350647,SELL favorable — cost basis gain meets threshold
2025-08-04T18:27:50.979502,164.07015845652523,167.596,2.148984054531181,breakdown,56.84407679100983,0.03383801877498627,SELL favorable — cost basis gain meets threshold
2025-08-04T18:32:43.869796,164.07015845652523,167.165,1.886291555142746,breakdown,56.84407679100983,0.03563334047794342,SELL favorable — cost basis gain meets threshold
2025-08-04T18:38:53.776916,164.07015845652523,167.196,1.9051859112472536,breakdown,56.84407679100983,0.034688159823417664,SELL favorable — cost basis gain meets threshold
2025-08-04T18:43:38.965766,164.07015845652523,166.761,1.6400554304259851,breakdown,56.84407679100983,0.034915491938591,SELL favorable — cost basis gain meets threshold
2025-08-04T18:49:19.803243,164.07015845652523,166.973,1.7692684463664756,breakdown,56.84407679100983,0.03567928075790405,SELL favorable — cost basis gain meets threshold
2025-08-04T18:55:06.943251,164.07015845652523,166.543,1.5071854423362534,breakdown,56.84407679100983,0.03485956788063049,SELL favorable — cost basis gain meets threshold
2025-08-04T18:59:52.480572,164.07015845652523,166.435,1.4413599436495914,breakdown,56.84407679100983,0.03485956788063049,SELL favorable — cost basis gain meets threshold
2025-08-04T19:09:13.308446,164.07015845652523,166.462,1.4578163183212483,breakdown,56.84407679100983,0.03531372547149658,SELL favorable — cost basis gain meets threshold
2025-08-04T19:14:09.264909,164.07015845652523,166.207,1.3023950019777497,breakdown,56.84407679100983,0.0356326699256897,SELL favorable — cost basis gain meets threshold
2025-08-04T19:21:22.175464,164.07015845652523,166.309,1.3645635285151527,breakdown,56.84407679100983,0.03548501431941986,SELL favorable — cost basis gain meets threshold
2025-08-04T19:27:08.012611,164.07015845652523,165.837,1.0768817194401175,breakdown,56.84407679100983,0.03418760001659393,SELL favorable — cost basis gain meets threshold
2025-08-04T19:32:22.867133,164.07015845652523,165.819,1.0659108029923405,breakdown,56.84407679100983,0.03620004653930664,SELL favorable — cost basis gain meets threshold
2025-08-04T20:09:28.249967,164.07015845652523,165.918,1.1262508434551226,breakdown,56.84407679100983,0.03516891598701477,SELL favorable — cost basis gain meets threshold
2025-08-04T20:15:19.650763,164.07015845652523,165.742,1.0189796604101864,breakdown,56.84407679100983,0.03491513431072235,SELL favorable — cost basis gain meets threshold
2025-08-04T20:20:21.607129,164.07015845652523,165.866,1.0945570848282171,breakdown,56.84407679100983,0.03589536249637604,SELL favorable — cost basis gain meets threshold
2025-08-04T21:04:48.597683,164.07015845652523,167.563,2.128870707710248,breakdown,56.84407679100983,-0.0455610454082489,SELL favorable — cost basis gain meets threshold
2025-08-04T21:09:37.700522,164.07015845652523,167.651,2.1825062992327244,breakdown,56.84407679100983,-0.04559546709060669,SELL favorable — cost basis gain meets threshold
2025-08-04T21:14:39.624775,164.07015845652523,167.78,2.2611312004417843,breakdown,56.84407679100983,-0.046419963240623474,SELL favorable — cost basis gain meets threshold
2025-08-04T21:22:06.158946,164.07015845652523,167.56,2.1270422216356266,breakdown,56.84407679100983,-0.04733673483133316,SELL favorable — cost basis gain meets threshold
2025-08-04T21:27:38.641293,164.07015845652523,167.613,2.159345475620745,breakdown,56.84407679100983,-0.04770544916391373,SELL favorable — cost basis gain meets threshold
2025-08-04T21:33:59.002232,164.07015845652523,168.233,2.5372325977108297,breakdown,56.84407679100983,-0.046608760952949524,SELL favorable — cost basis gain meets threshold
2025-08-04T21:38:27.260733,164.07015845652523,168.457,2.67375955794982,breakdown,56.84407679100983,-0.0456722155213356,SELL favorable — cost basis gain meets threshold
2025-08-04T21:43:11.504280,164.07015845652523,168.29,2.5719738331287814,breakdown,56.84407679100983,-0.04567459970712662,SELL favorable — cost basis gain meets threshold
2025-08-04T21:51:23.539272,164.07015845652523,168.706,2.82552390214406,breakdown,56.84407679100983,-0.04667762666940689,SELL favorable — cost basis gain meets threshold
2025-08-04T21:57:42.990382,164.07015845652523,168.382,2.6280474060840917,breakdown,56.84407679100983,-0.04650408774614334,SELL favorable — cost basis gain meets threshold
2025-08-04T22:02:19.373728,164.07015845652523,168.909,2.949251459860653,breakdown,56.84407679100983,-0.045259684324264526,SELL favorable — cost basis gain meets threshold
2025-08-04T22:07:29.273524,164.07015845652523,168.469,2.6810735022483385,breakdown,56.84407679100983,-0.04662073403596878,SELL favorable — cost basis gain meets threshold
2025-08-04T22:12:27.416237,164.07015845652523,168.586,2.7523844591588973,breakdown,56.84407679100983,-0.046575263142585754,SELL favorable — cost basis gain meets threshold
2025-08-04T22:17:49.897746,164.07015845652523,169.089,3.0589606243384226,breakdown,56.84407679100983,-0.047353796660900116,SELL favorable — cost basis gain meets threshold
2025-08-04T22:25:22.345310,164.07015845652523,168.973,2.9882591627860937,breakdown,56.84407679100983,-0.045637086033821106,SELL favorable — cost basis gain meets threshold
2025-08-04T22:30:09.296749,164.07015845652523,168.772,2.865750595785909,breakdown,56.84407679100983,-0.046831630170345306,SELL favorable — cost basis gain meets threshold
2025-08-04T22:35:10.841032,164.07015845652523,168.773,2.8663600911441214,breakdown,56.84407679100983,-0.04638403654098511,SELL favorable — cost basis gain meets threshold
2025-08-04T22:40:59.336065,164.07015845652523,168.667,2.801753583173885,breakdown,56.84407679100983,-0.04529774188995361,SELL favorable — cost basis gain meets threshold
2025-08-04T22:46:01.197542,164.07015845652523,168.678,2.8084580321141903,breakdown,56.84407679100983,-0.046673476696014404,SELL favorable — cost basis gain meets threshold
2025-08-04T22:51:05.794599,164.07015845652523,168.735,2.84319926753216,breakdown,56.84407679100983,-0.04548792541027069,SELL favorable — cost basis gain meets threshold
2025-08-04T22:58:33.976437,164.07015845652523,169.171,3.1089392437116232,breakdown,56.84407679100983,-0.04566203057765961,SELL favorable — cost basis gain meets threshold
2025-08-04T23:03:50.283550,164.07015845652523,169.624,3.3850406409806686,breakdown,56.84407679100983,-0.047509968280792236,SELL favorable — cost basis gain meets threshold
2025-08-04T23:11:25.798158,164.07015845652523,168.972,2.987649667427881,breakdown,56.84407679100983,-0.10957454890012741,SELL favorable — cost basis gain meets threshold
2025-08-04T23:16:29.708177,164.07015845652523,169.63,3.388697613129928,breakdown,56.84407679100983,-0.11082778871059418,SELL favorable — cost basis gain meets threshold
2025-08-04T23:21:15.787061,164.07015845652523,169.471,3.291787851174573,breakdown,56.84407679100983,-0.108522929251194,SELL favorable — cost basis gain meets threshold
2025-08-04T23:25:46.778148,164.07015845652523,169.329,3.2052395103087825,breakdown,56.84407679100983,-0.10871666669845581,SELL favorable — cost basis gain meets threshold
2025-08-04T23:30:09.761193,164.07015845652523,169.538,3.3326240401746343,breakdown,56.84407679100983,-0.10844028741121292,SELL favorable — cost basis gain meets threshold
2025-08-04T23:34:43.526766,164.07015845652523,169.447,3.277159962577537,breakdown,56.84407679100983,-0.10844028741121292,SELL favorable — cost basis gain meets threshold
2025-08-04T23:42:15.606167,164.07015845652523,169.65,3.4008875202941304,breakdown,56.84407679100983,-0.10875400900840759,SELL favorable — cost basis gain meets threshold
2025-08-04T23:48:57.454944,164.07015845652523,169.175,3.1113772251444742,breakdown,56.84407679100983,-0.10880523920059204,SELL favorable — cost basis gain meets threshold
2025-08-04T23:53:33.131932,164.07015845652523,169.228,3.1436804791295923,breakdown,56.84407679100983,-0.10969987511634827,SELL favorable — cost basis gain meets threshold
2025-08-04T23:59:45.863431,164.07015845652523,169.616,3.3801646781150017,breakdown,56.84407679100983,-0.10920179635286331,SELL favorable — cost basis gain meets threshold
2025-08-05T00:09:19.883192,164.07015845652523,168.857,2.9175577012337475,breakdown,56.84407679100983,-0.10882029682397842,SELL favorable — cost basis gain meets threshold
2025-08-05T00:13:52.614061,164.07015845652523,168.89,2.9376710480546633,breakdown,56.84407679100983,-0.11068796366453171,SELL favorable — cost basis gain meets threshold
2025-08-05T00:19:00.790381,164.07015845652523,168.89,2.9376710480546633,breakdown,56.84407679100983,-0.10810469090938568,SELL favorable — cost basis gain meets threshold
2025-08-05T00:25:16.791838,164.07015845652523,168.934,2.964488843815902,breakdown,56.84407679100983,-0.10901305824518204,SELL favorable — cost basis gain meets threshold
2025-08-05T00:30:44.494013,164.07015845652523,168.972,2.987649667427881,breakdown,56.84407679100983,-0.10811673849821091,SELL favorable — cost basis gain meets threshold
2025-08-05T00:36:16.622491,164.07015845652523,169.283,3.1772027238311185,breakdown,56.84407679100983,-0.10912486910820007,SELL favorable — cost basis gain meets threshold
2025-08-05T00:40:48.865398,164.07015845652523,169.625,3.3856501363388816,breakdown,56.84407679100983,-0.10932780057191849,SELL favorable — cost basis gain meets threshold
2025-08-05T00:51:47.709747,164.07015845652523,169.371,3.230838315353596,breakdown,56.84407679100983,-0.10967417061328888,SELL favorable — cost basis gain meets threshold
2025-08-05T00:59:48.798917,164.07015845652523,169.31,3.193659098502793,breakdown,56.84407679100983,-0.11119754612445831,SELL favorable — cost basis gain meets threshold
2025-08-05T01:07:05.792502,164.07015845652523,169.556,3.3435949566224115,breakdown,56.84407679100983,-0.1089790016412735,SELL favorable — cost basis gain meets threshold
2025-08-05T01:12:14.292317,164.07015845652523,169.466,3.2887403743835266,breakdown,56.84407679100983,-0.11133218556642532,SELL favorable — cost basis gain meets threshold
2025-08-05T01:17:29.022844,164.07015845652523,169.228,3.1436804791295923,breakdown,56.84407679100983,-0.10995247215032578,SELL favorable — cost basis gain meets threshold
2025-08-05T01:21:58.472628,164.07015845652523,169.249,3.1564798816519906,breakdown,56.84407679100983,-0.1101221814751625,SELL favorable — cost basis gain meets threshold
2025-08-05T01:28:22.752986,164.07015845652523,169.103,3.0674935593533665,breakdown,56.84407679100983,-0.14651814103126526,SELL favorable — cost basis gain meets threshold
2025-08-05T01:32:22.524342,164.07015845652523,169.227,3.1430709837713797,breakdown,56.84407679100983,-0.1461775004863739,SELL favorable — cost basis gain meets threshold
2025-08-05T01:46:52.089819,164.07015845652523,168.964,2.982773704562197,breakdown,56.84407679100983,-0.14870095252990723,SELL favorable — cost basis gain meets threshold
2025-08-05T02:28:47.832781,164.07015845652523,168.264,2.5561269538153373,breakdown,56.84407679100983,-0.14980152249336243,SELL favorable — cost basis gain meets threshold
2025-08-05T02:32:56.316476,164.07015845652523,168.614,2.769450329188767,breakdown,56.84407679100983,-0.14968925714492798,SELL favorable — cost basis gain meets threshold
2025-08-05T02:37:53.801285,164.07015845652523,168.648,2.7901731713678957,breakdown,56.84407679100983,-0.1503831446170807,SELL favorable — cost basis gain meets threshold
2025-08-05T02:41:56.764124,164.07015845652523,168.673,2.805410555323144,56.84407679100983,-0.14925417304039001,SELL favorable — cost basis gain meets threshold
2025-08-05T02:45:14.948424,164.07015845652523,168.673,2.805410555323144,55.897031783556606,-0.14889341592788696,SELL favorable — cost basis gain meets threshold
2025-08-05T11:39:03.943585,170.9173404255319,171.002,0.04953246654630179,83.19648168391082,-0.05094676464796066,SELL favorable — cost basis gain meets threshold
2025-08-05T11:43:36.412105,170.93219298245612,171.514,0.34037299082894784,82.50363627832778,-0.049401119351387024,SELL favorable — cost basis gain meets threshold
2025-08-05T11:48:06.539314,171.01902985074625,171.294,0.16078336398805224,82.82215936834929,-0.050168752670288086,SELL favorable — cost basis gain meets threshold
2025-08-06T16:29:01.092787,163.25696321663395,167.972,2.8881076129717282,47.26362686320884,-0.12429407984018326,SELL favorable — cost basis gain meets threshold
2025-08-06T16:34:35.505045,163.25696321663395,167.687,2.7135361923200927,47.26362686320884,-0.12420486658811569,SELL favorable — cost basis gain meets threshold
2025-08-06T16:41:24.190939,163.25696321663395,167.646,2.6884224089982625,47.26362686320884,-0.12438411265611649,SELL favorable — cost basis gain meets threshold
2025-08-06T16:43:55.732595,163.2910389718612,167.452,2.5481870005468057,81.98726258242688,-0.12438411265611649,SELL favorable — cost basis gain meets threshold
2025-08-06T16:47:50.418727,163.32309510614851,167.52,2.569694684713024,81.38181818181818,-0.12445937842130661,SELL favorable — cost basis gain meets threshold
2025-08-06T16:59:01.948568,163.32309510614851,167.73,2.698274173035539,81.38181818181818,-0.12429437786340714,SELL favorable — cost basis gain meets threshold
2025-08-06T17:00:08.399974,163.32309510614851,167.73,2.698274173035539,81.38181818181818,-0.12441400438547134,SELL favorable — cost basis gain meets threshold
2025-08-06T17:08:35.053799,163.35678643857008,167.415,2.4842638312770617,78.46848784684879,-0.12437323480844498,SELL favorable — cost basis gain meets threshold
2025-08-06T17:13:13.165348,163.38757658817363,167.254,2.3664121180840265,80.55290753098188,-0.12452363222837448,SELL favorable — cost basis gain meets threshold
2025-08-06T17:16:10.812917,163.44442059570346,167.772,2.6477376153458554,83.13640476211805,-0.1303686648607254,SELL favorable — cost basis gain meets threshold
2025-08-06T17:33:04.791190,163.44442059570346,168.037,2.809872241314838,83.13640476211805,-0.1298161894083023,SELL favorable — cost basis gain meets threshold
2025-08-06T17:33:51.629410,163.44442059570346,168.037,2.809872241314838,83.13640476211805,-0.1298161894083023,SELL favorable — cost basis gain meets threshold
2025-08-06T17:38:50.431219,163.44442059570346,168.234,2.9304025104313975,83.13640476211805,-0.12979233264923096,SELL favorable — cost basis gain meets threshold
2025-08-06T17:45:37.472762,163.44442059570346,168.771,3.258954563810021,83.13640476211805,-0.1297081559896469,SELL favorable — cost basis gain meets threshold
2025-08-06T17:49:38.918389,163.44442059570346,168.746,3.243658844379,83.13640476211805,-0.1297081559896469,SELL favorable — cost basis gain meets threshold
2025-08-06T17:52:24.451331,163.44442059570346,168.732,3.2350932414976135,83.13640476211805,-0.13914716243743896,SELL favorable — cost basis gain meets threshold
2025-08-06T17:53:57.175460,163.44442059570346,168.714,3.2240803235072684,83.13640476211805,-0.13914716243743896,SELL favorable — cost basis gain meets threshold
2025-08-06T17:58:02.825602,163.44442059570346,168.899,3.33726864729693,83.13640476211805,-0.13908836245536804,SELL favorable — cost basis gain meets threshold
2025-08-06T18:03:51.896877,163.44442059570346,169.762,3.865276882056267,83.13640476211805,-0.13891787827014923,SELL favorable — cost basis gain meets threshold
2025-08-06T18:09:28.808842,163.44442059570346,169.825,3.903822095022469,83.13640476211805,-0.13824531435966492,SELL favorable — cost basis gain meets threshold
2025-08-06T18:13:59.194362,163.44442059570346,169.819,3.90015112235902,83.13640476211805,-0.13866136968135834,SELL favorable — cost basis gain meets threshold
2025-08-06T18:19:28.970020,163.44442059570346,169.723,3.8414155597438597,83.13640476211805,-0.13878056406974792,SELL favorable — cost basis gain meets threshold
2025-08-06T18:23:59.565474,163.44442059570346,168.828,3.293828804112792,83.13640476211805,-0.13867540657520294,SELL favorable — cost basis gain meets threshold
2025-08-06T18:35:14.047909,163.44442059570346,168.724,3.2301986112796763,83.13640476211805,-0.1284092515707016,SELL favorable — cost basis gain meets threshold
2025-08-06T18:40:00.166536,163.44442059570346,168.811,3.28342771489969,83.13640476211805,-0.12843267619609833,SELL favorable — cost basis gain meets threshold
2025-08-06T18:51:16.068250,163.44442059570346,168.658,3.1898179119817516,83.13640476211805,-0.12889397144317627,SELL favorable — cost basis gain meets threshold
2025-08-06T18:53:58.160527,163.44442059570346,168.677,3.2014426587493383,83.13640476211805,-0.12889397144317627,SELL favorable — cost basis gain meets threshold
2025-08-06T18:58:28.264670,163.44442059570346,168.563,3.1316941781438175,83.13640476211805,-0.12898093461990356,SELL favorable — cost basis gain meets threshold
2025-08-06T19:04:39.276158,163.44442059570346,168.862,3.3146309825389992,83.13640476211805,-0.12948735058307648,SELL favorable — cost basis gain meets threshold
2025-08-06T19:05:36.276035,163.44442059570346,168.775,3.2614018789189965,83.13640476211805,-0.12916786968708038,SELL favorable — cost basis gain meets threshold
2025-08-06T19:08:56.168360,163.44442059570346,168.732,3.235093241497616,83.13640476211805,-0.12916786968708038,SELL favorable — cost basis gain meets threshold
2025-08-06T19:10:33.366308,163.44442059570346,168.595,3.151272699015543,83.13640476211805,-0.1292686015367508,SELL favorable — cost basis gain meets threshold
2025-08-06T19:12:50.710461,163.44442059570346,168.728,3.2326459263886504,83.13640476211805,-0.1292686015367508,SELL favorable — cost basis gain meets threshold
2025-08-06T19:16:42.116325,163.44442059570346,168.326,2.986690757937603,83.13640476211805,-0.12932835519313812,SELL favorable — cost basis gain meets threshold
2025-08-06T19:20:47.487197,163.44442059570346,168.407,3.0362488888941574,83.13640476211805,-0.12953141331672668,SELL favorable — cost basis gain meets threshold
2025-08-06T19:25:04.532114,163.44442059570346,168.621,3.1671802472238193,83.13640476211805,-0.12939982116222382,SELL favorable — cost basis gain meets threshold
2025-08-06T19:29:08.532851,163.44442059570346,169.088,3.452904286195558,83.13640476211805,-0.12939982116222382,SELL favorable — cost basis gain meets threshold
2025-08-06T19:34:01.818323,163.44442059570346,168.32,2.983019785274155,83.13640476211805,-0.12893608212471008,SELL favorable — cost basis gain meets threshold
2025-08-06T19:38:24.322950,163.44442059570346,168.361,3.0081047651410526,83.13640476211805,-0.1295672059059143,SELL favorable — cost basis gain meets threshold
2025-08-06T19:42:23.688981,163.44442059570346,168.236,2.9316261679858764,83.13640476211805,-0.12952937185764313,SELL favorable — cost basis gain meets threshold
2025-08-06T19:46:49.879639,163.44442059570346,168.253,2.9420272571989803,83.13640476211805,-0.12965728342533112,SELL favorable — cost basis gain meets threshold
2025-08-06T19:51:21.589746,163.44442059570346,168.088,2.8410755089541477,83.13640476211805,-0.129719540476799,SELL favorable — cost basis gain meets threshold
2025-08-06T19:57:27.178000,163.44442059570346,168.287,2.9628294356251885,83.13640476211805,-0.12963660061359406,SELL favorable — cost basis gain meets threshold
2025-08-06T20:01:38.371717,163.44442059570346,168.635,3.175745850105199,83.13640476211805,-0.1288379430770874,SELL favorable — cost basis gain meets threshold
2025-08-06T20:05:43.806282,163.44442059570346,168.452,3.063781183870021,83.13640476211805,-0.129422128200531,SELL favorable — cost basis gain meets threshold
2025-08-06T20:10:40.651694,163.44442059570346,168.63,3.172686706218992,83.13640476211805,-0.12909719347953796,SELL favorable — cost basis gain meets threshold
2025-08-06T20:17:23.166301,163.44442059570346,168.485,3.0839715335189877,83.13640476211805,-0.1294972151517868,SELL favorable — cost basis gain meets threshold
2025-08-06T20:21:06.306512,163.44442059570346,168.588,3.1469898975748527,83.13640476211805,-0.12878009676933289,SELL favorable — cost basis gain meets threshold
2025-08-06T20:21:57.603407,163.44442059570346,168.643,3.1806404803231305,83.13640476211805,-0.12878009676933289,SELL favorable — cost basis gain meets threshold
2025-08-06T20:24:08.650165,163.44442059570346,168.639,3.178193165214165,83.13640476211805,-0.12878009676933289,SELL favorable — cost basis gain meets threshold
2025-08-06T20:32:30.608859,163.44442059570346,168.342,2.996480018373466,83.13640476211805,-0.12865668535232544,SELL favorable — cost basis gain meets threshold
2025-08-06T20:36:12.446907,163.44442059570346,168.238,2.9328498255403592,83.13640476211805,-0.12903431057929993,SELL favorable — cost basis gain meets threshold
2025-08-06T20:38:40.735838,163.44442059570346,168.082,2.837404536290699,83.13640476211805,-0.12903431057929993,SELL favorable — cost basis gain meets threshold
2025-08-06T20:41:48.681999,163.44442059570346,167.875,2.7107559794017275,83.13640476211805,-0.1291331648826599,SELL favorable — cost basis gain meets threshold
2025-08-06T20:43:42.949252,163.44442059570346,168.072,2.831286248518285,83.13640476211805,-0.1291331648826599,SELL favorable — cost basis gain meets threshold
2025-08-06T20:47:52.041374,163.44442059570346,168.048,2.8166023578644914,83.13640476211805,-0.1292247772216797,SELL favorable — cost basis gain meets threshold
2025-08-06T20:50:00.014785,163.44442059570346,168.082,2.837404536290699,83.13640476211805,-0.1228998452425003,SELL favorable — cost basis gain meets threshold
2025-08-06T20:52:58.125649,163.44442059570346,168.044,2.8141550427555257,83.13640476211805,-0.1228998452425003,SELL favorable — cost basis gain meets threshold
2025-08-06T21:00:20.209816,163.44442059570346,168.01,2.793352864329318,83.13640476211805,-0.1230882853269577,SELL favorable — cost basis gain meets threshold
2025-08-06T21:02:52.873105,163.44442059570346,168.119,2.8600422010486315,83.13640476211805,-0.1230882853269577,SELL favorable — cost basis gain meets threshold
2025-08-06T21:06:43.173743,163.44442059570346,168.338,2.9940327032645,83.13640476211805,-0.12281303107738495,SELL favorable — cost basis gain meets threshold
2025-08-06T21:08:59.400818,163.44442059570346,168.468,3.0735704443058838,83.13640476211805,-0.12281303107738495,SELL favorable — cost basis gain meets threshold
2025-08-06T21:17:19.277697,163.44442059570346,168.403,3.0338015737851918,83.13640476211805,-0.12270908057689667,SELL favorable — cost basis gain meets threshold
2025-08-06T21:18:45.561439,163.44442059570346,168.549,3.123128575262438,83.13640476211805,-0.12270908057689667,SELL favorable — cost basis gain meets threshold
2025-08-06T21:22:04.147265,163.44442059570346,168.59,3.1482135551293355,83.13640476211805,-0.12286564707756042,SELL favorable — cost basis gain meets threshold
2025-08-06T21:26:48.778937,163.44442059570346,168.5,3.0931489651776087,83.13640476211805,-0.12266391515731812,SELL favorable — cost basis gain meets threshold
2025-08-06T21:44:02.244821,163.44442059570346,167.53,2.499675051253441,83.13640476211805,-0.12317924201488495,SELL favorable — cost basis gain meets threshold
2025-08-06T21:45:56.041803,163.44442059570346,167.53,2.499675051253441,83.13640476211805,-0.12316097319126129,SELL favorable — cost basis gain meets threshold
2025-08-06T21:46:51.369500,163.44442059570346,167.53,2.499675051253441,83.13640476211805,-0.12316097319126129,SELL favorable — cost basis gain meets threshold
2025-08-06T21:47:39.181935,163.44442059570346,167.875,2.7107559794017275,83.13640476211805,-0.12316097319126129,SELL favorable — cost basis gain meets threshold
2025-08-06T21:50:02.164866,163.44442059570346,167.875,2.7107559794017275,83.13640476211805,-0.1228407770395279,SELL favorable — cost basis gain meets threshold
2025-08-06T21:56:33.734899,163.44442059570346,167.983,2.7768334873438,83.13640476211805,-0.12288050353527069,SELL favorable — cost basis gain meets threshold
2025-08-06T22:00:17.604256,163.44442059570346,168.236,2.9316261679858764,83.13640476211805,-0.12312737107276917,SELL favorable — cost basis gain meets threshold
2025-08-06T22:04:52.110178,163.44442059570346,168.036,2.8092604125375944,83.13640476211805,-0.12312737107276917,SELL favorable — cost basis gain meets threshold
2025-08-06T22:08:37.698431,163.44442059570346,168.264,2.948757373748636,83.13640476211805,-0.12255701422691345,SELL favorable — cost basis gain meets threshold
2025-08-06T22:10:07.384244,163.44442059570346,168.264,2.948757373748636,83.13640476211805,-0.12276306748390198,SELL favorable — cost basis gain meets threshold
2025-08-06T22:11:17.277792,163.44442059570346,168.435,3.053380094656917,83.13640476211805,-0.12276306748390198,SELL favorable — cost basis gain meets threshold
2025-08-06T22:12:45.540418,163.44442059570346,168.512,3.1004909105045058,83.13640476211805,-0.12276306748390198,SELL favorable — cost basis gain meets threshold
2025-08-06T22:33:23.623845,163.44442059570346,168.416,3.0417553478893304,83.13640476211805,-0.12274037301540375,SELL favorable — cost basis gain meets threshold
2025-08-06T22:34:24.497736,163.44442059570346,168.416,3.0417553478893304,83.13640476211805,-0.12274037301540375,SELL favorable — cost basis gain meets threshold
2025-08-06T22:35:15.043702,163.44442059570346,168.379,3.019117683131398,83.13640476211805,-0.12288831174373627,SELL favorable — cost basis gain meets threshold
2025-08-06T22:36:37.306483,163.44442059570346,168.337,2.993420874487259,83.13640476211805,-0.12288831174373627,SELL favorable — cost basis gain meets threshold
2025-08-06T22:50:41.240402,163.45658190386933,168.359,2.9992173083698996,83.13640476211805,-0.1228591650724411,SELL favorable — cost basis gain meets threshold
2025-08-06T22:58:27.498735,163.46873745310634,168.458,3.0521203164763606,83.13640476211805,-0.12277211248874664,SELL favorable — cost basis gain meets threshold
2025-08-07T00:04:04.943358,163.46873745310634,168.224,2.9089736796051198,83.13640476211805,-0.11484694480895996,SELL favorable — cost basis gain meets threshold
2025-08-07T00:09:55.778938,163.48049896736873,167.79,2.636094861376378,83.13640476211805,-0.11478009819984436,SELL favorable — cost basis gain meets threshold
2025-08-07T00:12:01.666514,163.48049896736873,167.728,2.598169848673563,83.13640476211805,-0.1159679964184761,SELL favorable — cost basis gain meets threshold
2025-08-07T00:16:20.891372,163.4909786803582,168.034,2.7787596332907625,80.26923991230774,-0.11573778837919235,SELL favorable — cost basis gain meets threshold
2025-08-07T00:22:02.773733,163.50550358454217,167.925,2.70296492691005,80.26923991230774,-0.11588453501462936,SELL favorable — cost basis gain meets threshold
2025-08-07T00:26:08.923864,163.52605902958808,167.799,2.613003086950675,78.45826305748334,-0.11596982926130295,SELL favorable — cost basis gain meets threshold
2025-08-07T00:33:05.848000,163.56749290557477,168.4,2.9544422357900717,78.38415226257526,-0.1156746968626976,SELL favorable — cost basis gain meets threshold
2025-08-07T00:37:36.112631,163.61505158578692,168.489,2.978912005328289,76.89030009397896,-0.1150035634636879,SELL favorable — cost basis gain meets threshold
2025-08-07T00:43:01.315308,163.66484400592037,168.213,2.7789449968345714,76.6943638001802,-0.11570703238248825,SELL favorable — cost basis gain meets threshold
2025-08-07T00:50:08.736307,163.66484400592037,167.816,2.5363761040394643,76.6943638001802,-0.12838676571846008,SELL favorable — cost basis gain meets threshold
2025-08-07T00:55:03.070307,163.66484400592037,168.025,2.6640761004983493,76.6943638001802,-0.1282457858324051,SELL favorable — cost basis gain meets threshold
2025-08-07T01:06:49.529336,163.7371725135335,167.908,2.5472697631454246,74.98020304116878,-0.1258910596370697,SELL favorable — cost basis gain meets threshold
2025-08-07T01:11:40.546578,163.81839007392762,168.015,2.561745310876601,74.51628981829715,-0.125675767660141,SELL favorable — cost basis gain meets threshold
2025-08-07T01:18:33.080594,163.89020663038394,168.304,2.6931404019584524,74.51628981829715,-0.1251395046710968,SELL favorable — cost basis gain meets threshold
2025-08-07T01:23:40.961029,163.9644689942815,168.472,2.749090112855918,71.32143118460526,-0.1254822313785553,SELL favorable — cost basis gain meets threshold
2025-08-07T01:30:41.867486,164.03712249214217,168.672,2.8255052499350284,74.57247366062589,-0.12495803087949753,SELL favorable — cost basis gain meets threshold
2025-08-07T01:35:14.505842,164.03712249214217,168.699,2.841964938808986,74.57247366062589,-0.12490259855985641,SELL favorable — cost basis gain meets threshold
2025-08-07T01:39:00.856968,164.10220356652695,168.747,2.830429045146887,74.57247366062589,-0.12490259855985641,SELL favorable — cost basis gain meets threshold
2025-08-07T01:44:33.005773,164.1661534270831,168.695,2.7586968923703608,75.53128859850628,-0.12518537044525146,SELL favorable — cost basis gain meets threshold
2025-08-07T01:51:14.411190,164.2117356130229,168.61,2.6784105110136194,74.70434502428488,-0.12542122602462769,SELL favorable — cost basis gain meets threshold
2025-08-07T01:55:26.773692,164.2519435536984,168.376,2.5108113530195975,74.70434502428488,-0.12517821788787842,SELL favorable — cost basis gain meets threshold
2025-08-07T01:59:38.122255,164.2876197377173,168.007,2.263944336293042,72.3030723030723,-0.12517821788787842,SELL favorable — cost basis gain meets threshold
2025-08-07T02:04:35.260472,164.31951921455058,167.8,2.118117678341662,73.2900929589997,-0.1253471076488495,SELL favorable — cost basis gain meets threshold
2025-08-07T02:09:22.998382,164.31951921455058,168.007,2.2440917567648846,73.2900929589997,-0.12574157118797302,SELL favorable — cost basis gain meets threshold
2025-08-07T02:19:19.226365,164.31951921455058,168.016,2.2495688906093725,73.2900929589997,-0.12582659721374512,SELL favorable — cost basis gain meets threshold
2025-08-07T02:24:31.472586,164.31951921455058,167.773,2.101686276808198,73.2900929589997,-0.12570518255233765,SELL favorable — cost basis gain meets threshold
2025-08-07T02:30:42.065989,164.34749921714686,167.698,2.0386685521914973,73.2900929589997,-0.1258261501789093,SELL favorable — cost basis gain meets threshold
2025-08-07T02:35:28.890294,164.38042585844147,167.715,2.028571299863979,73.2900929589997,-0.12563493847846985,SELL favorable — cost basis gain meets threshold
2025-08-07T02:42:33.582516,164.41287707221534,167.636,1.9603835083847856,72.02853526636751,-0.12589722871780396,SELL favorable — cost basis gain meets threshold
2025-08-07T02:47:10.951721,164.4477040512212,167.107,1.6171073741172441,42.53938832252085,-0.12584325671195984,SELL favorable — cost basis gain meets threshold
2025-08-07T02:53:56.055406,164.4477040512212,167.0,1.552041096289083,42.53938832252085,-0.12622028589248657,SELL favorable — cost basis gain meets threshold
2025-08-07T02:58:46.439968,164.4477040512212,167.107,1.6171073741172441,42.53938832252085,-0.12592601776123047,SELL favorable — cost basis gain meets threshold
2025-08-07T03:06:12.146439,164.4477040512212,167.382,1.7843337890961632,42.53938832252085,-0.12569528818130493,SELL favorable — cost basis gain meets threshold
2025-08-07T03:10:12.303356,164.4477040512212,167.394,1.7916309417497889,42.53938832252085,-0.1261221468448639,SELL favorable — cost basis gain meets threshold
2025-08-07T03:14:20.820145,164.4477040512212,167.199,1.6730522111283734,42.53938832252085,-0.1261221468448639,SELL favorable — cost basis gain meets threshold
2025-08-07T03:52:27.152599,164.4477040512212,167.105,1.6158911820083066,42.53938832252085,-0.15058636665344238,SELL favorable — cost basis gain meets threshold
2025-08-07T03:57:10.931631,164.4999075436193,166.914,1.4675342329542476,42.53938832252085,-0.15030445158481598,SELL favorable — cost basis gain meets threshold
2025-08-07T04:02:26.158436,164.54641947688629,166.871,1.4127202102019862,41.58464769591895,-0.15041832625865936,SELL favorable — cost basis gain meets threshold
2025-08-07T04:08:57.063478,164.59120518259294,166.794,1.3383429661161665,42.9379518203857,-0.15060636401176453,SELL favorable — cost basis gain meets threshold
2025-08-07T04:15:10.036076,164.59120518259294,167.293,1.6415183389718566,42.9379518203857,-0.14916278421878815,SELL favorable — cost basis gain meets threshold
2025-08-07T04:22:05.162038,164.59120518259294,167.398,1.7053127561058194,42.9379518203857,-0.1503123939037323,SELL favorable — cost basis gain meets threshold
2025-08-07T04:27:44.632399,164.59120518259294,167.436,1.7284002594495393,42.9379518203857,-0.14927256107330322,SELL favorable — cost basis gain meets threshold
2025-08-07T04:31:42.259241,164.59120518259294,167.367,1.6864782139043637,42.9379518203857,-0.14994674921035767,SELL favorable — cost basis gain meets threshold
2025-08-07T04:35:35.897776,164.59120518259294,167.353,1.6779722916198354,42.9379518203857,-0.15002918243408203,SELL favorable — cost basis gain meets threshold
2025-08-07T04:43:16.142781,164.59120518259294,167.211,1.591697937019619,42.9379518203857,-0.1501777321100235,SELL favorable — cost basis gain meets threshold
2025-08-07T04:48:28.991828,164.64585284786872,167.12,1.5027084553519667,42.9379518203857,-0.15030939877033234,SELL favorable — cost basis gain meets threshold
2025-08-07T04:52:58.608327,164.69640782008747,167.037,1.4211555739997481,44.115741740444825,-0.15040941536426544,SELL favorable — cost basis gain meets threshold
2025-08-07T05:01:14.588721,164.69640782008747,167.054,1.4314775963346678,44.115741740444825,-0.15047723054885864,SELL favorable — cost basis gain meets threshold
2025-08-07T05:05:16.337609,164.69640782008747,167.12,1.471551330105533,44.115741740444825,-0.15034736692905426,SELL favorable — cost basis gain meets threshold
2025-08-07T05:09:16.621867,164.7341368848028,167.15,1.4665224590860562,41.557759243449134,-0.15034736692905426,SELL favorable — cost basis gain meets threshold
2025-08-07T05:13:21.067667,164.7629465181029,167.215,1.4882311428120079,41.557759243449134,-0.15034325420856476,SELL favorable — cost basis gain meets threshold
2025-08-07T05:17:19.043869,164.79184313082501,167.156,1.4346322149562538,37.55525928005052,-0.15034052729606628,SELL favorable — cost basis gain meets threshold
2025-08-07T05:23:21.768848,164.81937940638775,167.467,1.6063769947125761,40.95548624893677,-0.1503330022096634,SELL favorable — cost basis gain meets threshold
2025-08-07T05:30:12.446615,164.84855151275355,167.632,1.688488289222916,40.95548624893677,-0.15000370144844055,SELL favorable — cost basis gain meets threshold
2025-08-07T05:36:22.300378,164.84855151275355,167.78,1.7782676646810922,40.95548624893677,-0.14976060390472412,SELL favorable — cost basis gain meets threshold
2025-08-07T05:42:08.335106,164.84855151275355,167.573,1.6526978625199946,40.95548624893677,-0.14978206157684326,SELL favorable — cost basis gain meets threshold
2025-08-07T05:45:59.612474,164.84855151275355,167.941,1.8759330663619462,40.95548624893677,-0.14968284964561462,SELL favorable — cost basis gain meets threshold
2025-08-07T05:51:10.408208,164.84855151275355,168.338,2.116760174854486,40.95548624893677,-0.14832492172718048,SELL favorable — cost basis gain meets threshold
2025-08-07T05:55:29.233219,164.84855151275355,168.49,2.2089660199196404,40.95548624893677,-0.14920127391815186,SELL favorable — cost basis gain meets threshold
2025-08-07T05:59:54.485478,164.84855151275355,168.761,2.3733593357923817,40.95548624893677,-0.14920127391815186,SELL favorable — cost basis gain meets threshold
2025-08-07T06:04:22.204201,164.84855151275355,168.971,2.500748990158713,40.95548624893677,-0.1487598717212677,SELL favorable — cost basis gain meets threshold
2025-08-07T06:08:52.329685,164.84855151275355,169.273,2.683947445485532,40.95548624893677,-0.14858096837997437,SELL favorable — cost basis gain meets threshold
2025-08-07T06:15:15.793482,164.84855151275355,168.997,2.5165210426040683,40.95548624893677,-0.14811468124389648,SELL favorable — cost basis gain meets threshold
2025-08-07T06:20:10.972072,164.84855151275355,169.089,2.572329843564556,40.95548624893677,-0.14850082993507385,SELL favorable — cost basis gain meets threshold
2025-08-07T06:25:26.464511,164.84855151275355,169.123,2.5929548352238667,40.95548624893677,-0.14872971177101135,SELL favorable — cost basis gain meets threshold
2025-08-07T06:31:35.692285,164.84855151275355,168.954,2.4904364943290576,40.95548624893677,-0.14917032420635223,SELL favorable — cost basis gain meets threshold
2025-08-07T06:35:40.508978,164.84855151275355,169.097,2.5771827827785114,40.95548624893677,-0.14883705973625183,SELL favorable — cost basis gain meets threshold
2025-08-07T06:40:35.232389,164.84855151275355,169.157,2.6135798268831776,40.95548624893677,-0.14894947409629822,SELL favorable — cost basis gain meets threshold
2025-08-07T06:45:28.959770,164.84855151275355,169.365,2.73975624644602,40.95548624893677,-0.1491464227437973,SELL favorable — cost basis gain meets threshold
2025-08-07T06:50:00.515493,164.84855151275355,169.635,2.903542944917017,40.95548624893677,-0.14748291671276093,SELL favorable — cost basis gain meets threshold
2025-08-07T06:56:54.431423,164.84855151275355,169.215,2.6487636361843547,40.95548624893677,-0.14862187206745148,SELL favorable — cost basis gain meets threshold
2025-08-07T07:05:10.656296,164.84855151275355,169.629,2.8999032405065504,40.95548624893677,-0.14741946756839752,SELL favorable — cost basis gain meets threshold
2025-08-07T07:09:56.725987,164.86366675042888,169.804,2.9966173547806694,60.35410023321118,-0.14741946756839752,SELL favorable — cost basis gain meets threshold
2025-08-07T07:19:35.851215,164.888208608279,169.872,3.0225274649934946,57.99082152403046,-0.1485217660665512,SELL favorable — cost basis gain meets threshold
2025-08-07T07:23:54.256389,164.888208608279,170.212,3.2287277766287126,57.99082152403046,-0.14810438454151154,SELL favorable — cost basis gain meets threshold
2025-08-07T07:28:19.314276,164.91626977781505,170.124,3.1578025801827265,57.52252177243435,-0.14710605144500732,SELL favorable — cost basis gain meets threshold
2025-08-07T07:33:04.989689,164.91626977781505,170.247,3.232385882464371,57.52252177243435,-0.14796388149261475,SELL favorable — cost basis gain meets threshold
2025-08-07T07:37:24.506460,164.91626977781505,169.803,2.9631583522769716,57.52252177243435,-0.14808273315429688,SELL favorable — cost basis gain meets threshold
2025-08-07T07:42:42.203924,164.91626977781505,169.981,3.0710919116764246,57.52252177243435,-0.14784574508666992,SELL favorable — cost basis gain meets threshold
2025-08-07T07:48:06.530742,164.937040250522,169.762,2.925334262182342,58.0327593448131,-0.14813463389873505,SELL favorable — cost basis gain meets threshold
2025-08-07T10:50:25.065643,164.937040250522,172.762,4.744210116534594,58.0327593448131,-0.17916405200958252,SELL favorable — cost basis gain meets threshold
2025-08-07T10:58:26.265410,164.937040250522,173.255,5.043112048599814,58.0327593448131,-0.17887786030769348,SELL favorable — cost basis gain meets threshold
2025-08-07T11:04:07.373894,164.937040250522,172.929,4.8454608724268695,58.0327593448131,-0.1787426769733429,SELL favorable — cost basis gain meets threshold
2025-08-07T11:10:52.121487,164.937040250522,172.703,4.708438891399,58.0327593448131,-0.17922279238700867,SELL favorable — cost basis gain meets threshold
2025-08-07T11:13:03.857175,164.937040250522,172.812,4.774524714107131,58.0327593448131,-0.1633581817150116,SELL favorable — cost basis gain meets threshold
2025-08-07T12:16:01.677222,164.937040250522,172.243,4.429544593731654,58.0327593448131,-0.1634930968284607,SELL favorable — cost basis gain meets threshold
2025-08-07T12:24:39.132562,164.937040250522,172.375,4.509575131323153,58.0327593448131,-0.16353245079517365,SELL favorable — cost basis gain meets threshold
2025-08-07T12:36:44.973615,164.97346471065455,171.913,4.206455445132729,68.04068317021685,-0.16390910744667053,SELL favorable — cost basis gain meets threshold
2025-08-07T12:41:02.221919,165.00503844772638,172.41,4.487718449045732,67.56275591953,-0.16339296102523804,SELL favorable — cost basis gain meets threshold
2025-08-07T12:43:15.119611,165.04810397297598,172.41,4.460454770343447,68.71243603393206,-0.1667405664920807,SELL favorable — cost basis gain meets threshold
2025-08-07T12:46:15.705551,165.09067147654932,172.298,4.3656788472596775,70.20928711576194,-0.1669011116027832,SELL favorable — cost basis gain meets threshold
2025-08-07T12:52:53.124210,165.1321056711278,172.116,4.229277099379521,73.83005634126711,-0.16720962524414062,SELL favorable — cost basis gain meets threshold
2025-08-07T12:57:03.762646,165.17092313726852,172.394,4.37309226438639,76.96641334835662,-0.1662524938583374,SELL favorable — cost basis gain meets threshold
2025-08-07T13:10:10.207007,165.21084810496401,172.309,4.296419984798029,75.34585535935216,-0.1668708324432373,SELL favorable — cost basis gain meets threshold
2025-08-07T13:16:44.450629,165.23765014545145,172.272,4.257110802747752,76.39411563462197,-0.167099267244339,SELL favorable — cost basis gain meets threshold
2025-08-07T13:18:38.106380,165.23765014545145,172.128,4.169963593940774,76.39411563462197,-0.167099267244339,SELL favorable — cost basis gain meets threshold
2025-08-07T13:19:52.979161,165.23765014545145,172.118,4.16391170444029,76.39411563462197,-0.167099267244339,SELL favorable — cost basis gain meets threshold
2025-08-07T13:21:11.119512,165.23765014545145,172.182,4.2026437972433905,76.39411563462197,-0.16706404089927673,SELL favorable — cost basis gain meets threshold
2025-08-07T13:22:29.697151,165.23765014545145,172.0,4.092499408334572,76.39411563462197,-0.16706404089927673,SELL favorable — cost basis gain meets threshold
2025-08-07T13:26:50.132023,165.2546301217657,172.115,4.151393442458663,78.25934579439253,-0.16712984442710876,SELL favorable — cost basis gain meets threshold
2025-08-07T13:33:47.207279,165.27074166401803,172.154,4.164837808966256,77.77207099240998,-0.16710010170936584,SELL favorable — cost basis gain meets threshold
2025-08-07T13:38:01.942107,165.28150168123838,172.046,4.09271349180238,74.50879890654365,-0.167050302028656,SELL favorable — cost basis gain meets threshold
2025-08-07T13:43:25.894748,165.29205954671943,172.0,4.058235145521063,76.60545092993333,-0.16670888662338257,SELL favorable — cost basis gain meets threshold
2025-08-07T13:49:54.154025,165.3025128228303,171.944,4.017777506073355,79.6589223924864,-0.1669546663761139,SELL favorable — cost basis gain meets threshold
2025-08-07T13:57:15.801213,165.31284643857924,171.745,3.8908975920456244,82.52028345486289,-0.1667734980583191,SELL favorable — cost basis gain meets threshold
2025-08-07T14:01:59.274362,165.32283880088295,171.786,3.9094182304124163,81.45782643957827,-0.16730844974517822,SELL favorable — cost basis gain meets threshold
2025-08-07T14:35:42.413554,165.3328637598164,170.632,3.2051318290124104,73.69859073914294,-0.16522598266601562,SELL favorable — cost basis gain meets threshold
2025-08-07T14:40:51.097970,165.3328637598164,170.632,3.2051318290124104,73.69859073914294,-0.16473299264907837,SELL favorable — cost basis gain meets threshold
2025-08-07T14:44:37.688213,165.3328637598164,170.622,3.1990834247371858,73.69859073914294,-0.16473299264907837,SELL favorable — cost basis gain meets threshold
2025-08-07T14:51:06.205414,165.3328637598164,170.449,3.0944460307758,73.69859073914294,-0.16496756672859192,SELL favorable — cost basis gain meets threshold
2025-08-07T14:54:53.005203,165.3328637598164,170.512,3.132550977709715,73.69859073914294,-0.16496756672859192,SELL favorable — cost basis gain meets threshold
2025-08-07T15:00:45.378049,165.3328637598164,170.467,3.1053331584712045,73.69859073914294,-0.16520440578460693,SELL favorable — cost basis gain meets threshold
2025-08-07T15:05:07.011823,165.3328637598164,170.183,2.933558477054826,73.69859073914294,-0.1650490164756775,SELL favorable — cost basis gain meets threshold
2025-08-07T15:12:00.640023,165.3328637598164,170.095,2.8803325194328493,73.69859073914294,-0.16534292697906494,SELL favorable — cost basis gain meets threshold
2025-08-07T15:17:08.334499,165.3328637598164,170.106,2.8869857641355963,73.69859073914294,-0.16516104340553284,SELL favorable — cost basis gain meets threshold
2025-08-07T15:21:12.340228,165.3328637598164,170.479,3.112591243601474,73.69859073914294,-0.164963960647583,SELL favorable — cost basis gain meets threshold
2025-08-07T15:26:22.055583,165.34083352975878,170.583,3.170521375953818,66.12763856314035,-0.16474756598472595,SELL favorable — cost basis gain meets threshold
2025-08-07T15:30:53.063069,165.34893946717747,170.272,2.9773765399927345,63.78573667453025,-0.16505497694015503,SELL favorable — cost basis gain meets threshold
2025-08-07T15:35:30.226736,165.3565402195745,170.416,3.0597276489379364,63.485156968343624,-0.164779394865036,SELL favorable — cost basis gain meets threshold
2025-08-07T15:42:33.655909,165.3643395184574,170.416,3.054866905557199,37.595757218621095,-0.16503793001174927,SELL favorable — cost basis gain meets threshold
2025-08-07T15:47:45.955381,165.3721148086752,170.68,3.2096615547703906,39.05723905723906,-0.1646224558353424,SELL favorable — cost basis gain meets threshold
2025-08-07T15:53:41.815274,165.3802719134725,170.401,3.0358688061381116,34.13619823254202,-0.16525763273239136,SELL favorable — cost basis gain meets threshold
2025-08-07T16:01:05.348910,165.3879758787307,170.531,3.1096723289245514,34.07982889315258,-0.16480952501296997,SELL favorable — cost basis gain meets threshold
2025-08-07T16:05:01.111457,165.3958554083225,170.521,3.098714039130396,32.59662047593989,-0.16504859924316406,SELL favorable — cost basis gain meets threshold
2025-08-07T16:10:31.420502,165.40369553331988,170.471,3.0635980957628197,33.96283886689004,-0.16490527987480164,SELL favorable — cost basis gain meets threshold
2025-08-07T16:14:25.233144,165.41143533825047,170.163,2.8725732607501033,32.27468713850037,-0.16490527987480164,SELL favorable — cost basis gain meets threshold
2025-08-07T16:22:07.643356,165.41868181367585,169.815,2.6576914639400107,30.600239298059027,-0.16541069746017456,SELL favorable — cost basis gain meets threshold
2025-08-07T16:26:19.039539,165.41868181367585,170.159,2.865648628287067,30.600239298059027,-0.16521525382995605,SELL favorable — cost basis gain meets threshold
2025-08-07T16:30:14.102515,165.41868181367585,170.268,2.931542032106338,30.600239298059027,-0.1650853455066681,SELL favorable — cost basis gain meets threshold
2025-08-07T16:34:23.552428,165.42606610862978,170.268,2.926947370066023,30.572504219135404,-0.1650853455066681,SELL favorable — cost basis gain meets threshold
2025-08-07T16:38:44.410316,165.43342794891942,169.816,2.64914540272585,30.643248851341337,-0.1651504635810852,SELL favorable — cost basis gain meets threshold
2025-08-07T16:44:22.271372,165.4400812440128,169.006,2.1554140503157235,31.6073512252042,-0.16549116373062134,SELL favorable — cost basis gain meets threshold
2025-08-07T16:54:28.314546,165.44548655084745,168.501,1.8468400153143367,27.399165507649514,-0.16760513186454773,SELL favorable — cost basis gain meets threshold
2025-08-07T17:06:27.424781,165.44548655084745,168.489,1.8395868709402157,27.399165507649514,-0.16652598977088928,SELL favorable — cost basis gain meets threshold
2025-08-07T17:15:16.821318,165.44548655084745,168.495,1.8432134431272762,27.399165507649514,-0.16659685969352722,SELL favorable — cost basis gain meets threshold
2025-08-07T17:19:57.508826,165.44548655084745,168.796,2.025146481178146,27.399165507649514,-0.1661965250968933,SELL favorable — cost basis gain meets threshold
2025-08-07T17:24:56.936182,165.44548655084745,169.023,2.1623517955886027,27.399165507649514,-0.1661965250968933,SELL favorable — cost basis gain meets threshold
2025-08-07T17:28:45.910329,165.44548655084745,168.97,2.1303170746029014,27.399165507649514,-0.16604721546173096,SELL favorable — cost basis gain meets threshold
2025-08-07T17:35:53.879425,165.44548655084745,169.035,2.1696049399627237,27.399165507649514,-0.16602656245231628,SELL favorable — cost basis gain meets threshold
2025-08-07T17:40:50.857590,165.44548655084745,169.085,2.199826374854895,27.399165507649514,-0.16641995310783386,SELL favorable — cost basis gain meets threshold
2025-08-07T17:46:01.244134,165.44548655084745,169.322,2.3430759762437856,27.399165507649514,-0.1657705307006836,SELL favorable — cost basis gain meets threshold
2025-08-07T17:50:38.657432,165.44548655084745,169.341,2.3545601215028107,27.399165507649514,-0.16583746671676636,SELL favorable — cost basis gain meets threshold
2025-08-07T17:55:50.619520,165.44548655084745,169.285,2.320712114423579,27.399165507649514,-0.16577088832855225,SELL favorable — cost basis gain meets threshold
2025-08-07T18:00:30.909954,165.44548655084745,169.452,2.4216517069634302,27.399165507649514,-0.1659051477909088,SELL favorable — cost basis gain meets threshold
2025-08-07T18:05:03.599604,165.44548655084745,169.32,2.3418671188480986,27.399165507649514,-0.1658034324645996,SELL favorable — cost basis gain meets threshold
2025-08-07T18:09:06.728288,165.44548655084745,169.336,2.3515379780135937,27.399165507649514,-0.1658034324645996,SELL favorable — cost basis gain meets threshold
2025-08-07T18:14:46.375271,165.44548655084745,169.066,2.18834222959587,27.399165507649514,-0.16585206985473633,SELL favorable — cost basis gain meets threshold
2025-08-07T18:19:25.612451,165.45096630730404,169.084,2.1958370952926707,24.26045660010299,-0.1660672128200531,SELL favorable — cost basis gain meets threshold
2025-08-07T18:23:22.642839,165.45645670364667,169.192,2.257719868281815,20.727620871230254,-0.16593298316001892,SELL favorable — cost basis gain meets threshold
2025-08-07T18:27:08.539678,165.46209349833322,169.306,2.3231342118281018,19.709118502592638,-0.16594454646110535,SELL favorable — cost basis gain meets threshold
2025-08-07T18:31:00.533949,165.46788506976714,169.37,2.3582309815512477,20.87788828235998,-0.1657252013683319,SELL favorable — cost basis gain meets threshold
2025-08-07T18:38:09.157849,165.47375549828712,169.472,2.4162408653100687,25.943223137738933,-0.1659485101699829,SELL favorable — cost basis gain meets threshold
2025-08-07T18:41:53.967759,165.47976151069454,169.292,2.3037490835754464,25.90862063211294,-0.16570544242858887,SELL favorable — cost basis gain meets threshold
2025-08-07T18:47:33.742188,165.4854795224888,169.425,2.3805837762193724,27.093149059435312,-0.16597890853881836,SELL favorable — cost basis gain meets threshold
2025-08-07T18:54:15.340247,165.49137959614012,169.618,2.4935561078349537,26.89669652855543,-0.16561707854270935,SELL favorable — cost basis gain meets threshold
2025-08-07T18:59:05.657696,165.49755064026536,169.892,2.6552957084462587,28.226511744127937,-0.16570794582366943,SELL favorable — cost basis gain meets threshold
2025-08-07T19:02:59.742499,165.5041123894478,169.921,2.6687479524126987,28.38309543102911,-0.16526275873184204,SELL favorable — cost basis gain meets threshold
2025-08-07T19:07:19.243598,165.51069780992287,170.209,2.8386697973280204,26.86868686868687,-0.16531500220298767,SELL favorable — cost basis gain meets threshold
2025-08-07T19:11:24.609524,165.51069780992287,170.224,2.84773265561965,26.86868686868687,-0.1650497317314148,SELL favorable — cost basis gain meets threshold
2025-08-07T19:17:43.384504,165.51069780992287,170.162,2.810272841347582,26.86868686868687,-0.16525781154632568,SELL favorable — cost basis gain meets threshold
2025-08-07T19:23:27.052861,165.51069780992287,170.162,2.810272841347582,26.86868686868687,-0.1652432680130005,SELL favorable — cost basis gain meets threshold
2025-08-07T19:28:15.196046,165.51069780992287,170.334,2.9141936164249307,26.86868686868687,-0.16504442691802979,SELL favorable — cost basis gain meets threshold
2025-08-07T19:36:05.594803,165.51069780992287,170.556,3.0483239191410436,26.86868686868687,-0.16491812467575073,SELL favorable — cost basis gain meets threshold
2025-08-07T19:39:59.414671,165.51820897504408,170.839,3.2146257852259383,33.638863428047664,-0.16459742188453674,SELL favorable — cost basis gain meets threshold
2025-08-07T19:44:00.410307,165.51820897504408,170.86,3.227313211056631,33.638863428047664,-0.16459742188453674,SELL favorable — cost basis gain meets threshold
2025-08-07T19:54:36.881407,165.51820897504408,171.296,3.4907283378272074,33.638863428047664,-0.1633966565132141,SELL favorable — cost basis gain meets threshold
2025-08-07T19:59:29.208356,165.51820897504408,171.947,3.8840385385786873,33.638863428047664,-0.16439908742904663,SELL favorable — cost basis gain meets threshold
2025-08-07T20:03:29.129513,165.51820897504408,172.142,4.001850349863693,33.638863428047664,-0.16365227103233337,SELL favorable — cost basis gain meets threshold
2025-08-07T20:07:17.758154,165.51820897504408,171.982,3.905184248296509,33.638863428047664,-0.1635582149028778,SELL favorable — cost basis gain meets threshold
2025-08-07T20:12:41.639366,165.51820897504408,172.2,4.036891811681797,33.638863428047664,-0.16410613059997559,SELL favorable — cost basis gain meets threshold
2025-08-07T20:23:24.485914,165.51820897504408,172.565,4.257411355881936,33.638863428047664,-0.1633022427558899,SELL favorable — cost basis gain meets threshold
2025-08-07T20:27:21.858860,165.51820897504408,172.357,4.131745423844596,33.638863428047664,-0.16347184777259827,SELL favorable — cost basis gain meets threshold
2025-08-07T20:31:17.961080,165.51820897504408,173.01,4.526263950865666,33.638863428047664,-0.1634657084941864,SELL favorable — cost basis gain meets threshold
2025-08-07T20:36:08.470872,165.51820897504408,173.054,4.552847128796642,33.638863428047664,-0.16292113065719604,SELL favorable — cost basis gain meets threshold
2025-08-07T20:40:12.429606,165.51820897504408,173.034,4.540763866100744,33.638863428047664,-0.16295692324638367,SELL favorable — cost basis gain meets threshold
2025-08-07T20:44:36.421525,165.51820897504408,172.943,4.485785020834408,33.638863428047664,-0.16295692324638367,SELL favorable — cost basis gain meets threshold
2025-08-07T20:49:29.065766,165.51820897504408,173.052,4.551638802527052,33.638863428047664,-0.16301923990249634,SELL favorable — cost basis gain meets threshold
2025-08-07T20:54:15.866076,165.51820897504408,172.81,4.4054313239066865,33.638863428047664,-0.16310623288154602,SELL favorable — cost basis gain meets threshold
2025-08-07T21:02:33.046763,165.51820897504408,172.939,4.483368368295229,33.638863428047664,-0.16306862235069275,SELL favorable — cost basis gain meets threshold
2025-08-07T21:09:13.087455,165.51820897504408,172.862,4.436847806916021,33.638863428047664,-0.16324764490127563,SELL favorable — cost basis gain meets threshold
2025-08-07T21:15:47.808907,165.51820897504408,172.882,4.448931069611919,33.638863428047664,-0.163384348154068,SELL favorable — cost basis gain meets threshold
2025-08-07T21:20:11.470276,165.52915548076643,173.02,4.5253928212688574,47.064811672887686,-0.16299179196357727,SELL favorable — cost basis gain meets threshold
2025-08-07T21:25:57.750314,165.54027432696992,173.575,4.8536380078482555,41.24136607828089,-0.16249972581863403,SELL favorable — cost basis gain meets threshold
2025-08-07T21:30:01.244296,165.55218279341986,173.574,4.845491657811582,40.23541114058355,-0.1624581217765808,SELL favorable — cost basis gain meets threshold
2025-08-07T21:34:08.884671,165.5640545325118,173.632,4.87300549039399,48.461656206949336,-0.1624581217765808,SELL favorable — cost basis gain meets threshold
2025-08-07T21:38:12.688443,165.57597689398798,173.519,4.797207454253848,47.04328040515744,-0.1623866856098175,SELL favorable — cost basis gain meets threshold
2025-08-07T21:47:21.608876,165.58769733232788,173.4,4.717924576240191,53.72750642673522,-0.16280615329742432,SELL favorable — cost basis gain meets threshold
2025-08-07T21:56:50.556000,165.59920789972688,173.519,4.782506028089632,75.6323014593085,-0.16314184665679932,SELL favorable — cost basis gain meets threshold
2025-08-08T00:41:53.879359,165.61085967335916,175.216,5.799825171842859,75.85642464632292,-0.2623123228549957,SELL favorable — cost basis gain meets threshold
2025-08-08T00:43:52.424836,165.61085967335916,174.932,5.628338832987941,75.85642464632292,-0.2623123228549957,SELL favorable — cost basis gain meets threshold
2025-08-08T00:47:51.225554,165.62455299563533,174.497,5.3569635925891275,75.85642464632292,-0.2589532732963562,SELL favorable — cost basis gain meets threshold
2025-08-08T00:54:48.321063,165.63756804022833,174.4,5.290123529007346,79.2413631337332,-0.25946441292762756,SELL favorable — cost basis gain meets threshold
2025-08-08T01:04:05.596048,165.65040287561126,174.041,5.0652440191705015,77.61018399657681,-0.25907662510871887,SELL favorable — cost basis gain meets threshold
2025-08-08T01:13:27.082279,165.66267508742771,174.523,5.348413520363772,72.92534444088433,-0.2605765461921692,SELL favorable — cost basis gain meets threshold
2025-08-08T01:18:38.626040,165.6756154033768,173.775,4.888700474661474,74.95999525869733,-0.26108479499816895,SELL favorable — cost basis gain meets threshold
2025-08-08T01:26:43.538718,165.6756154033768,174.011,5.03114750853873,74.95999525869733,-0.2602110505104065,SELL favorable — cost basis gain meets threshold
2025-08-08T01:31:11.930079,165.6756154033768,173.825,4.918879930991401,74.95999525869733,-0.2595423460006714,SELL favorable — cost basis gain meets threshold
2025-08-08T01:39:31.554839,165.6875000488546,174.004,5.019388878879335,66.18947752347952,-0.2594963610172272,SELL favorable — cost basis gain meets threshold
2025-08-08T01:44:28.805086,165.69961074519398,174.25,5.160174617401157,66.18947752347952,-0.25932663679122925,SELL favorable — cost basis gain meets threshold
2025-08-08T01:48:55.414492,165.71204393149978,174.367,5.2228889724381835,63.870903476441875,-0.25973501801490784,SELL favorable — cost basis gain meets threshold
2025-08-08T01:53:03.257879,165.72461089548955,174.65,5.385675100567316,64.86146095717883,-0.2593677341938019,SELL favorable — cost basis gain meets threshold
2025-08-08T01:57:22.355308,165.73755173718683,174.65,5.3774465529367825,64.86146095717883,-0.25939247012138367,SELL favorable — cost basis gain meets threshold
2025-08-08T02:03:07.613004,165.75045510759256,174.813,5.467583715848458,64.89886770540986,-0.2585183084011078,SELL favorable — cost basis gain meets threshold
2025-08-08T02:07:59.690333,165.76355681813243,174.54,5.294555299327131,64.04282740160603,-0.25860315561294556,SELL favorable — cost basis gain meets threshold
2025-08-08T02:12:26.983725,165.78633610908025,174.451,5.226404114039155,66.69876876120486,-0.2592765688896179,SELL favorable — cost basis gain meets threshold
2025-08-08T02:17:40.691289,165.81621825330097,174.12,5.007822415786957,68.13913503504827,-0.2589428424835205,SELL favorable — cost basis gain meets threshold
2025-08-08T02:22:08.778765,165.85067836469858,174.004,4.9160616740877074,68.13913503504827,-0.2594783902168274,SELL favorable — cost basis gain meets threshold
2025-08-08T02:26:16.393325,165.90745096467694,174.115,4.947064756645869,56.54535578489951,-0.2592530846595764,SELL favorable — cost basis gain meets threshold
2025-08-08T02:32:19.009369,165.97224981002572,174.15,4.927179211786701,56.66540274091328,-0.25897058844566345,SELL favorable — cost basis gain meets threshold
2025-08-08T02:38:09.649171,166.03744242503905,174.289,4.969696867431743,56.66540274091328,-0.25912606716156006,SELL favorable — cost basis gain meets threshold
2025-08-08T02:42:55.343600,166.0776375122301,174.16,4.866616968328868,56.66540274091328,-0.2591942548751831,SELL favorable — cost basis gain meets threshold
2025-08-08T02:46:55.344485,166.12571972324548,174.856,5.255224953305601,54.59962544690994,-0.2591710090637207,SELL favorable — cost basis gain meets threshold
2025-08-08T03:26:07.049583,166.15101067585206,175.763,5.785092299498675,52.739223095796696,-0.24685382843017578,SELL favorable — cost basis gain meets threshold
2025-08-08T03:30:20.843305,166.1787754395761,175.666,5.709047100225822,57.86456753261269,-0.24621298909187317,SELL favorable — cost basis gain meets threshold
2025-08-08T03:37:10.387234,166.19180721613927,175.597,5.659239731131205,58.02763678286071,-0.24608978629112244,SELL favorable — cost basis gain meets threshold
2025-08-08T03:43:37.293270,166.2047085912754,175.173,5.395931008656979,58.54320469121044,-0.24638420343399048,SELL favorable — cost basis gain meets threshold
2025-08-08T03:48:39.148706,166.21699380416885,174.756,5.137264247415949,59.01529679347099,-0.24706482887268066,SELL favorable — cost basis gain meets threshold
2025-08-08T03:52:52.357988,166.2286749593368,174.65,5.066108505480924,53.95254368431233,-0.2471284568309784,SELL favorable — cost basis gain meets threshold
2025-08-08T03:56:44.227618,166.240179391727,174.584,5.019135950648663,54.57806767223808,-0.247161865234375,SELL favorable — cost basis gain meets threshold
2025-08-08T04:01:09.487978,166.25156239435626,174.708,5.08653120840133,57.18825821002631,-0.24722716212272644,SELL favorable — cost basis gain meets threshold
2025-08-08T04:05:08.554814,166.26308331664399,174.153,4.74544109610301,52.532868563634295,-0.24795252084732056,SELL favorable — cost basis gain meets threshold
2025-08-08T04:09:33.670126,166.26308331664399,174.015,4.662440109204924,52.532868563634295,-0.24795252084732056,SELL favorable — cost basis gain meets threshold
2025-08-08T04:15:41.303671,166.26308331664399,174.217,4.783934307418063,52.532868563634295,-0.24823904037475586,SELL favorable — cost basis gain meets threshold
2025-08-08T04:19:41.495258,166.26308331664399,174.488,4.946928999080245,52.532868563634295,-0.24823904037475586,SELL favorable — cost basis gain meets threshold
2025-08-08T04:23:33.603470,166.26308331664399,174.311,4.840471211537048,52.532868563634295,-0.24771305918693542,SELL favorable — cost basis gain meets threshold
2025-08-08T04:27:54.210524,166.27403275887153,174.799,5.127058687204194,57.236624834874505,-0.24769732356071472,SELL favorable — cost basis gain meets threshold
2025-08-08T04:32:21.145213,166.28561548463517,174.969,5.2219697356607355,59.714552383915375,-0.2470816969871521,SELL favorable — cost basis gain meets threshold
2025-08-08T04:38:07.327529,166.29739744127247,174.97,5.215116226813014,57.69073680771116,-0.24693563580513,SELL favorable — cost basis gain meets threshold
2025-08-08T04:43:08.741296,166.3091488237915,175.119,5.297273925406682,55.860922919596064,-0.24676859378814697,SELL favorable — cost basis gain meets threshold
2025-08-08T04:47:25.865822,166.32107002504696,174.9,5.158053621024146,56.97017529284705,-0.2463880181312561,SELL favorable — cost basis gain meets threshold
2025-08-08T04:51:23.855647,166.3326630639979,174.807,5.09481227553095,56.75798708823042,-0.2469055950641632,SELL favorable — cost basis gain meets threshold
2025-08-08T04:56:27.555577,166.34409930810355,174.54,4.927076299061233,56.81088581902533,-0.2469840943813324,SELL favorable — cost basis gain meets threshold
2025-08-08T05:03:07.099038,166.35514489216393,174.465,4.875025123565073,58.57981847303791,-0.2475055754184723,SELL favorable — cost basis gain meets threshold
2025-08-08T05:07:05.971036,166.36605980293575,174.34,4.793008986634388,61.47533903429213,-0.2476748526096344,SELL favorable — cost basis gain meets threshold
2025-08-08T05:13:03.363058,166.37677736365367,174.568,4.92329684835918,62.73818403743134,-0.24751925468444824,SELL favorable — cost basis gain meets threshold
2025-08-08T05:17:57.121409,166.3877721900598,174.5,4.875495178019358,60.07411174889196,-0.24752169847488403,SELL favorable — cost basis gain meets threshold
2025-08-08T05:23:24.091375,166.39864638803638,174.775,5.033907302605232,50.914984131271524,-0.24731671810150146,SELL favorable — cost basis gain meets threshold
2025-08-08T05:29:48.803701,166.4098596077411,174.72,4.993778861329155,51.39991642290013,-0.24752718210220337,SELL favorable — cost basis gain meets threshold
2025-08-08T05:33:46.791227,166.42096931713186,174.712,4.981962739965027,51.55071248952221,-0.24771374464035034,SELL favorable — cost basis gain meets threshold
2025-08-08T05:37:50.590360,166.43203868054619,174.558,4.882450148346126,56.47382920110193,-0.24741598963737488,SELL favorable — cost basis gain meets threshold
2025-08-08T05:42:39.723601,166.44287319451666,174.555,4.873820458508276,60.10261421939897,-0.24729812145233154,SELL favorable — cost basis gain meets threshold
2025-08-08T05:47:12.939919,166.4536748605537,174.712,4.961335426427022,61.65413533834587,-0.24719855189323425,SELL favorable — cost basis gain meets threshold
2025-08-08T05:52:01.767958,166.4646565736753,174.548,4.855891690586648,59.92335067068163,-0.24726641178131104,SELL favorable — cost basis gain meets threshold
2025-08-08T05:56:54.306658,166.47539132571126,174.413,4.768037252279951,60.71970219219633,-0.24710285663604736,SELL favorable — cost basis gain meets threshold
2025-08-08T06:01:38.689420,166.48591856043757,174.361,4.73017868877819,64.81713150342189,-0.24767467379570007,SELL favorable — cost basis gain meets threshold
2025-08-08T06:08:22.425569,166.49634903517432,174.12,4.578869752402254,59.9585843373494,-0.24761173129081726,SELL favorable — cost basis gain meets threshold
2025-08-08T06:13:45.012618,166.50643313620094,174.231,4.63920025088786,57.75401069518717,-0.24808278679847717,SELL favorable — cost basis gain meets threshold
2025-08-08T06:17:45.457362,166.5166372252831,174.285,4.665217184398791,60.82644628099174,-0.2479747235774994,SELL favorable — cost basis gain meets threshold
2025-08-08T06:22:09.815332,166.5268856303436,174.172,4.590918962255156,58.2010582010582,-0.247622549533844,SELL favorable — cost basis gain meets threshold
2025-08-08T06:27:26.794373,166.53695815190093,174.374,4.705887470906478,59.79808439037018,-0.24779361486434937,SELL favorable — cost basis gain meets threshold
2025-08-08T06:34:04.469713,166.54726995409234,174.816,4.964794708545436,60.38171046085659,-0.247636616230011,SELL favorable — cost basis gain meets threshold
2025-08-08T06:38:13.333261,166.55813546524521,174.816,4.957947272697415,67.8548058046884,-0.24697375297546387,SELL favorable — cost basis gain meets threshold
2025-08-08T06:42:22.098842,166.5689724582581,174.684,4.871872247261123,67.37127371273712,-0.2467663288116455,SELL favorable — cost basis gain meets threshold
2025-08-08T06:46:13.177789,166.57960804553545,174.66,4.8507689802318,67.233918615295,-0.2470623254776001,SELL favorable — cost basis gain meets threshold
2025-08-08T06:51:08.260867,166.59018437789166,174.643,4.833907623177489,68.35582484164142,-0.2471972107887268,SELL favorable — cost basis gain meets threshold
2025-08-08T06:58:07.504778,166.60071083793989,174.916,4.991148669316766,69.32960893854748,-0.24713462591171265,SELL favorable — cost basis gain meets threshold
2025-08-08T07:03:00.617620,166.61156620761935,174.854,4.947095798925221,69.29530201342281,-0.24748435616493225,SELL favorable — cost basis gain meets threshold
2025-08-08T08:53:34.487367,166.62231243782634,175.183,5.137779830878296,69.15992185319564,-0.14745208621025085,SELL favorable — cost basis gain meets threshold
2025-08-08T08:57:38.732693,166.62231243782634,175.211,5.154584302974701,69.15992185319564,-0.1474270522594452,SELL favorable — cost basis gain meets threshold
2025-08-08T09:04:55.283888,166.62231243782634,175.513,5.3358325377287885,69.15992185319564,-0.14773443341255188,SELL favorable — cost basis gain meets threshold
2025-08-08T09:09:40.818366,166.62231243782634,175.563,5.365840523615227,69.15992185319564,-0.147384911775589,SELL favorable — cost basis gain meets threshold
2025-08-08T09:16:37.597445,166.62231243782634,175.613,5.395848509501665,69.15992185319564,-0.14696559309959412,SELL favorable — cost basis gain meets threshold
2025-08-08T09:22:26.108689,166.62231243782634,175.483,5.317827746196926,69.15992185319564,-0.14693588018417358,SELL favorable — cost basis gain meets threshold
2025-08-08T09:27:27.688446,166.62231243782634,175.22,5.15998574043426,69.15992185319564,-0.1469998061656952,SELL favorable — cost basis gain meets threshold
2025-08-08T09:32:33.125949,166.62231243782634,175.374,5.25241033696449,69.15992185319564,-0.14753678441047668,SELL favorable — cost basis gain meets threshold
2025-08-08T09:37:49.171263,166.62231243782634,175.347,5.2362060245858135,69.15992185319564,-0.14722812175750732,SELL favorable — cost basis gain meets threshold
2025-08-08T09:42:16.660145,166.6336726045464,175.544,5.347255003254662,71.27305375780928,-0.14759865403175354,SELL favorable — cost basis gain meets threshold
2025-08-08T09:46:25.144061,166.6452594007595,175.544,5.339930239383661,71.88641275993143,-0.14734739065170288,SELL favorable — cost basis gain meets threshold
2025-08-08T09:51:57.565957,166.65681610167164,175.596,5.3638273593771695,69.77613439974277,-0.14730936288833618,SELL favorable — cost basis gain meets threshold
2025-08-08T09:55:53.687606,166.6684102686485,176.031,5.61749507075767,68.58288770053476,-0.14674916863441467,SELL favorable — cost basis gain meets threshold
2025-08-08T10:02:30.316470,166.68053786558914,176.12,5.663205947909062,72.1264367816092,-0.14666211605072021,SELL favorable — cost basis gain meets threshold
2025-08-08T10:12:06.847057,166.69274921960587,176.238,5.726254336245267,71.94257200385188,-0.14624512195587158,SELL favorable — cost basis gain meets threshold
2025-08-08T10:17:52.409377,166.7050814734232,176.197,5.693838749654455,69.54641598119859,-0.14625629782676697,SELL favorable — cost basis gain meets threshold
2025-08-08T10:21:50.213565,166.7173289996089,176.235,5.708867253033683,77.56749672346002,-0.14641430974006653,SELL favorable — cost basis gain meets threshold
2025-08-08T10:25:49.632345,166.7295939289206,175.943,5.525957242484029,77.04029618500832,-0.1464984118938446,SELL favorable — cost basis gain meets threshold
2025-08-08T10:30:47.385707,166.74145148756688,176.104,5.615009602535,70.62502695940991,-0.14677780866622925,SELL favorable — cost basis gain meets threshold
2025-08-08T10:34:46.024365,166.75348550334365,176.511,5.851460595982983,70.59487951807229,-0.14677780866622925,SELL favorable — cost basis gain meets threshold
2025-08-08T10:39:24.787890,166.76601108334057,176.997,6.134936519856279,72.20393273422903,-0.1461700201034546,SELL favorable — cost basis gain meets threshold
2025-08-08T10:45:29.928548,166.7791276180853,176.519,5.839982809011001,72.5266027614106,-0.14574310183525085,SELL favorable — cost basis gain meets threshold
2025-08-08T10:50:00.566243,166.7915985336878,176.247,5.668991453668718,62.580896939737876,-0.14615488052368164,SELL favorable — cost basis gain meets threshold
2025-08-08T10:55:12.575197,166.80368973167745,176.247,5.661331762812429,59.59614729474434,-0.14652684330940247,SELL favorable — cost basis gain meets threshold
2025-08-08T10:59:14.805931,166.81575004565715,176.247,5.653692742898398,56.33966388850936,-0.14652684330940247,SELL favorable — cost basis gain meets threshold
2025-08-08T11:04:44.501530,166.82777959380448,176.247,5.6460743103634305,52.18299164768413,-0.14652684330940247,SELL favorable — cost basis gain meets threshold
2025-08-08T11:10:02.089363,166.83977849369478,176.966,6.069428764368631,51.95132186319765,-0.14563879370689392,SELL favorable — cost basis gain meets threshold
2025-08-08T11:14:28.343691,166.8526616124282,177.218,6.212270327247645,51.755558255376016,-0.14563879370689392,SELL favorable — cost basis gain meets threshold
2025-08-08T11:18:33.458665,166.86583219208958,177.367,6.29318037728771,49.7956087487884,-0.14530766010284424,SELL favorable — cost basis gain meets threshold
2025-08-08T11:22:41.346496,166.8791584287955,177.28,6.232558738389349,49.38607299146025,-0.14503556489944458,SELL favorable — cost basis gain meets threshold
2025-08-08T11:26:30.272042,166.89234062055198,177.15,6.146273304878582,53.02919708029197,-0.1451093852519989,SELL favorable — cost basis gain meets threshold
2025-08-08T11:31:36.976415,166.90532488446289,177.461,6.324348922267207,56.845040499269686,-0.1452333629131317,SELL favorable — cost basis gain meets threshold
2025-08-08T11:36:02.694023,166.91866948838614,177.923,6.592630138583461,55.75221238938053,-0.1446494162082672,SELL favorable — cost basis gain meets threshold
2025-08-08T11:40:23.396307,166.93256372229015,177.794,6.506481441079998,58.88417989752673,-0.1444733738899231,SELL favorable — cost basis gain meets threshold
2025-08-08T11:45:35.355321,166.94626024234321,177.664,6.419874121228388,61.90010664770708,-0.14445871114730835,SELL favorable — cost basis gain meets threshold
2025-08-08T11:51:37.960776,166.94626024234321,177.699,6.440838951437339,61.90010664770708,-0.14480820298194885,SELL favorable — cost basis gain meets threshold
2025-08-08T11:55:26.220459,166.95980261634955,177.632,6.3920759466718335,61.02155247941125,-0.14475181698799133,SELL favorable — cost basis gain meets threshold
2025-08-08T11:59:38.547581,166.97322664580292,177.709,6.429637595116173,65.53257727373804,-0.14475181698799133,SELL favorable — cost basis gain meets threshold
2025-08-08T12:04:17.115008,166.98671367965335,177.603,6.35756347700386,65.15235457063712,-0.14474770426750183,SELL favorable — cost basis gain meets threshold
2025-08-08T12:08:44.674878,167.00003387172237,176.861,5.904768939060292,67.73125147859001,-0.1447419822216034,SELL favorable — cost basis gain meets threshold
2025-08-08T12:18:54.904627,167.01239086373909,176.804,5.862804002518364,59.990229604298975,-0.14565640687942505,SELL favorable — cost basis gain meets threshold
2025-08-08T12:24:07.884183,167.02464558633383,176.649,5.762236093889157,60.285207173021604,-0.1456480622291565,SELL favorable — cost basis gain meets threshold
2025-08-08T12:28:44.607426,167.03667592408547,176.613,5.733066718992157,64.08588158750813,-0.1458767056465149,SELL favorable — cost basis gain meets threshold
2025-08-08T12:34:30.097731,167.04863128037562,176.605,5.720710577738828,67.18046651207202,-0.14598792791366577,SELL favorable — cost basis gain meets threshold
2025-08-08T12:41:23.581367,167.06054684809465,176.329,5.547960501011049,69.1404505136877,-0.14609301090240479,SELL favorable — cost basis gain meets threshold
2025-08-08T12:48:11.293128,167.07208903035695,176.41,5.589150781460782,67.60466712422786,-0.14601430296897888,SELL favorable — cost basis gain meets threshold
2025-08-08T12:53:56.693064,167.0837032463646,176.761,5.791885483508972,65.06291635825315,-0.14593496918678284,SELL favorable — cost basis gain meets threshold
2025-08-08T12:58:53.521623,167.0957246284813,176.45,5.598153628596355,60.44534897641566,-0.14585980772972107,SELL favorable — cost basis gain meets threshold
2025-08-08T13:05:23.097242,167.10733032839644,176.535,5.641685288776062,58.505519388621565,-0.14612513780593872,SELL favorable — cost basis gain meets threshold
2025-08-08T13:13:26.331970,167.11901259344694,176.23,5.451795858031726,57.39060229291135,-0.1347844898700714,SELL favorable — cost basis gain meets threshold
2025-08-08T13:19:43.367926,167.13028847027294,176.191,5.421346192039073,55.06460508784433,-0.13425210118293762,SELL favorable — cost basis gain meets threshold
2025-08-08T13:25:02.343536,167.1414882640074,176.41,5.545308847168199,56.01222933148423,-0.13440591096878052,SELL favorable — cost basis gain meets threshold
2025-08-08T13:29:32.651197,167.152930772203,176.469,5.573380726714864,54.28908322688415,-0.13440591096878052,SELL favorable — cost basis gain meets threshold
2025-08-08T13:32:28.154267,167.1644178114367,176.529,5.602018845378119,44.82049659971533,-0.13110584020614624,SELL favorable — cost basis gain meets threshold
2025-08-08T13:37:01.727051,167.1759504487028,176.33,5.475697626798347,42.10367804841321,-0.1301886886358261,SELL favorable — cost basis gain meets threshold
2025-08-08T13:47:27.557307,167.18720994530162,177.51,6.174389810127026,40.98054303616577,-0.1260986626148224,SELL favorable — cost basis gain meets threshold
2025-08-08T13:49:02.068998,167.19989139651113,177.976,6.4450452171249015,56.5200467107824,-0.1260986626148224,SELL favorable — cost basis gain meets threshold
2025-08-13T21:21:57.423629,175.6429011363635,201.118,14.503916013012363,50.0,0.28630396723747253,SELL favorable — cost basis gain meets threshold
2025-08-13T22:08:23.117551,175.6429011363635,200.834,14.342224308899874,50.0,0.28724271059036255,SELL favorable — cost basis gain meets threshold
2025-08-13T22:09:31.314606,175.6429011363635,200.838,14.344501656845122,50.0,0.28724271059036255,SELL favorable — cost basis gain meets threshold
2025-08-13T22:11:06.997993,175.6429011363635,200.75,14.294400002049702,50.0,0.28614547848701477,SELL favorable — cost basis gain meets threshold
2025-08-13T22:13:27.048148,175.6429011363635,200.536,14.172561886979024,50.0,0.28614547848701477,SELL favorable — cost basis gain meets threshold
2025-08-13T22:17:22.724917,175.6429011363635,200.68,14.25454641300789,50.0,0.2856852412223816,SELL favorable — cost basis gain meets threshold
2025-08-13T22:20:10.703607,175.6429011363635,200.984,14.427624856846611,50.0,0.2867801785469055,SELL favorable — cost basis gain meets threshold
2025-08-13T22:22:20.878473,175.6429011363635,200.846,14.349056352735614,50.0,0.2867801785469055,SELL favorable — cost basis gain meets threshold
2025-08-13T22:30:06.773563,175.6429011363635,200.56,14.186225974650501,50.0,0.2854717969894409,SELL favorable — cost basis gain meets threshold
2025-08-13T22:32:44.392237,175.6429011363635,200.882,14.369552484242831,50.0,0.2854717969894409,SELL favorable — cost basis gain meets threshold
2025-08-13T22:35:18.356750,175.6429011363635,201.182,14.540353580136305,50.0,0.28640130162239075,SELL favorable — cost basis gain meets threshold
2025-08-13T22:48:26.695307,175.6429011363635,202.638,15.369308232205965,50.0,0.28849655389785767,SELL favorable — cost basis gain meets threshold
2025-08-13T22:50:41.164108,175.6429011363635,202.693,15.400621766453101,50.0,0.28742074966430664,SELL favorable — cost basis gain meets threshold
2025-08-13T22:55:45.976246,175.6429011363635,202.122,15.07553034726919,50.0,0.2858777642250061,SELL favorable — cost basis gain meets threshold
2025-08-13T23:04:00.654028,175.6429011363635,201.174,14.535798884245812,50.0,0.2883742153644562,SELL favorable — cost basis gain meets threshold
2025-08-13T23:46:27.243195,175.6429011363635,202.318,15.18712039658626,50.0,0.2854287624359131,SELL favorable — cost basis gain meets threshold
2025-08-13T23:52:34.311980,175.6429011363635,201.959,14.982728418500402,50.0,0.28577327728271484,SELL favorable — cost basis gain meets threshold
2025-08-13T23:53:49.854084,175.6429011363635,201.858,14.925225382882932,50.0,0.28577327728271484,SELL favorable — cost basis gain meets threshold
2025-08-13T23:58:30.819400,175.6429011363635,201.358,14.640556889727142,50.0,0.2855609059333801,SELL favorable — cost basis gain meets threshold
2025-08-14T00:00:29.607412,175.6429011363635,201.333,14.626323465069353,50.0,0.28583043813705444,SELL favorable — cost basis gain meets threshold
2025-08-14T00:06:15.532524,175.6429011363635,202.258,15.152960177407564,50.0,0.28633177280426025,SELL favorable — cost basis gain meets threshold
2025-08-14T00:11:11.697043,175.6429011363635,202.258,15.152960177407564,50.0,0.2876221537590027,SELL favorable — cost basis gain meets threshold
2025-08-14T00:14:31.369004,175.6429011363635,202.45,15.262272878779388,50.0,0.2876221537590027,SELL favorable — cost basis gain meets threshold
2025-08-14T00:19:57.720880,175.6429011363635,203.101,15.632911256868226,50.0,0.28547370433807373,SELL favorable — cost basis gain meets threshold
2025-08-14T00:24:32.223107,175.6429011363635,203.391,15.798018982898585,50.0,0.2880196273326874,SELL favorable — cost basis gain meets threshold
